0 1.483327 1.454435 104.397731
1 1.483327 1.454435 103.397731
2 1.483327 1.454435 106.397731
3 1.483327 1.454435 102.397731
4 1.483327 1.454435 107.397731
5 1.483327 1.454435 100.397731
6 1.483327 1.454435 109.397731
7 1.483327 1.454435 98.397731
8 1.483327 1.454435 112.397731
9 1.483327 1.454435 96.397731
10 1.483327 1.454435 115.397731
11 1.483327 1.454435 94.397731
12 1.483327 1.454435 118.397731
13 1.483327 1.454435 92.397731
14 1.483327 1.454435 121.397731
15 1.483327 1.454435 89.397731
16 1.483327 1.454435 125.397731
17 1.483327 1.454435 86.397731
18 1.483327 1.454435 129.397731
19 1.483327 1.454435 83.397731
20 1.483327 1.454435 133.397731
21 1.483327 1.454435 80.397731
22 1.483327 1.454435 137.397731
23 1.483327 1.454435 76.397731
24 1.483327 1.454435 141.397731
25 1.483327 1.454435 72.397731
26 1.483327 1.454435 146.397731
27 1.483327 1.454435 68.397731
28 1.483327 1.454435 151.397731
29 1.483327 1.454435 64.397731
30 1.483327 1.454435 156.397731
31 1.483327 1.454435 60.397731
32 1.483327 1.454435 161.397731
33 1.483327 1.454435 57.397731
34 1.483327 1.454435 166.397731
35 1.483327 1.444435 104.397731
36 1.483327 1.444435 103.397731
37 1.483327 1.444435 106.397731
38 1.483327 1.444435 102.397731
39 1.483327 1.444435 107.397731
40 1.483327 1.444435 100.397731
41 1.483327 1.444435 109.397731
42 1.483327 1.444435 98.397731
43 1.483327 1.444435 112.397731
44 1.483327 1.444435 96.397731
45 1.483327 1.444435 115.397731
46 1.483327 1.444435 94.397731
47 1.483327 1.444435 118.397731
48 1.483327 1.444435 92.397731
49 1.483327 1.444435 121.397731
50 1.483327 1.444435 89.397731
51 1.483327 1.444435 125.397731
52 1.483327 1.444435 86.397731
53 1.483327 1.444435 129.397731
54 1.483327 1.444435 83.397731
55 1.483327 1.444435 133.397731
56 1.483327 1.444435 80.397731
57 1.483327 1.444435 137.397731
58 1.483327 1.444435 76.397731
59 1.483327 1.444435 141.397731
60 1.483327 1.444435 72.397731
61 1.483327 1.444435 146.397731
62 1.483327 1.444435 68.397731
63 1.483327 1.444435 151.397731
64 1.483327 1.444435 64.397731
65 1.483327 1.444435 156.397731
66 1.483327 1.444435 60.397731
67 1.483327 1.444435 161.397731
68 1.483327 1.444435 57.397731
69 1.483327 1.464435 104.397731
70 1.483327 1.464435 103.397731
71 1.483327 1.464435 106.397731
72 1.483327 1.464435 102.397731
73 1.483327 1.464435 107.397731
74 1.483327 1.464435 100.397731
75 1.483327 1.464435 109.397731
76 1.483327 1.464435 98.397731
77 1.483327 1.464435 112.397731
78 1.483327 1.464435 96.397731
79 1.483327 1.464435 115.397731
80 1.483327 1.464435 94.397731
81 1.483327 1.464435 118.397731
82 1.483327 1.464435 92.397731
83 1.483327 1.464435 121.397731
84 1.483327 1.464435 89.397731
85 1.483327 1.464435 125.397731
86 1.483327 1.464435 86.397731
87 1.483327 1.464435 129.397731
88 1.483327 1.464435 83.397731
89 1.483327 1.464435 133.397731
90 1.483327 1.464435 80.397731
91 1.483327 1.464435 137.397731
92 1.483327 1.464435 76.397731
93 1.483327 1.464435 141.397731
94 1.483327 1.464435 72.397731
95 1.483327 1.464435 146.397731
96 1.483327 1.464435 68.397731
97 1.483327 1.464435 151.397731
98 1.483327 1.464435 64.397731
99 1.483327 1.464435 156.397731
100 1.483327 1.464435 60.397731
101 1.483327 1.464435 161.397731
102 1.483327 1.434435 104.397731
103 1.483327 1.434435 103.397731
104 1.483327 1.434435 106.397731
105 1.483327 1.434435 102.397731
106 1.483327 1.434435 107.397731
107 1.483327 1.434435 100.397731
108 1.483327 1.434435 109.397731
109 1.483327 1.434435 98.397731
110 1.483327 1.434435 112.397731
111 1.483327 1.434435 96.397731
112 1.483327 1.434435 115.397731
113 1.483327 1.434435 94.397731
114 1.483327 1.434435 118.397731
115 1.483327 1.434435 92.397731
116 1.483327 1.434435 121.397731
117 1.483327 1.434435 89.397731
118 1.483327 1.434435 125.397731
119 1.483327 1.434435 86.397731
120 1.483327 1.434435 129.397731
121 1.483327 1.434435 83.397731
122 1.483327 1.434435 133.397731
123 1.483327 1.434435 80.397731
124 1.483327 1.434435 137.397731
125 1.483327 1.434435 76.397731
126 1.483327 1.434435 141.397731
127 1.483327 1.434435 72.397731
128 1.483327 1.434435 146.397731
129 1.483327 1.434435 68.397731
130 1.483327 1.434435 151.397731
131 1.483327 1.434435 64.397731
132 1.483327 1.434435 156.397731
133 1.483327 1.434435 60.397731
134 1.483327 1.474435 104.397731
135 1.483327 1.474435 103.397731
136 1.483327 1.474435 106.397731
137 1.483327 1.474435 102.397731
138 1.483327 1.474435 107.397731
139 1.483327 1.474435 100.397731
140 1.483327 1.474435 109.397731
141 1.483327 1.474435 98.397731
142 1.483327 1.474435 112.397731
143 1.483327 1.474435 96.397731
144 1.483327 1.474435 115.397731
145 1.483327 1.474435 94.397731
146 1.483327 1.474435 118.397731
147 1.483327 1.474435 92.397731
148 1.483327 1.474435 121.397731
149 1.483327 1.474435 89.397731
150 1.483327 1.474435 125.397731
151 1.483327 1.474435 86.397731
152 1.483327 1.474435 129.397731
153 1.483327 1.474435 83.397731
154 1.483327 1.474435 133.397731
155 1.483327 1.474435 80.397731
156 1.483327 1.474435 137.397731
157 1.483327 1.474435 76.397731
158 1.483327 1.474435 141.397731
159 1.483327 1.474435 72.397731
160 1.483327 1.474435 146.397731
161 1.483327 1.474435 68.397731
162 1.483327 1.474435 151.397731
163 1.483327 1.474435 64.397731
164 1.483327 1.474435 156.397731
165 1.483327 1.424435 104.397731
166 1.483327 1.424435 103.397731
167 1.483327 1.424435 106.397731
168 1.483327 1.424435 102.397731
169 1.483327 1.424435 107.397731
170 1.483327 1.424435 100.397731
171 1.483327 1.424435 109.397731
172 1.483327 1.424435 98.397731
173 1.483327 1.424435 112.397731
174 1.483327 1.424435 96.397731
175 1.483327 1.424435 115.397731
176 1.483327 1.424435 94.397731
177 1.483327 1.424435 118.397731
178 1.483327 1.424435 92.397731
179 1.483327 1.424435 121.397731
180 1.483327 1.424435 89.397731
181 1.483327 1.424435 125.397731
182 1.483327 1.424435 86.397731
183 1.483327 1.424435 129.397731
184 1.483327 1.424435 83.397731
185 1.483327 1.424435 133.397731
186 1.483327 1.424435 80.397731
187 1.483327 1.424435 137.397731
188 1.483327 1.424435 76.397731
189 1.483327 1.424435 141.397731
190 1.483327 1.424435 72.397731
191 1.483327 1.424435 146.397731
192 1.483327 1.424435 68.397731
193 1.483327 1.424435 151.397731
194 1.483327 1.424435 64.397731
195 1.483327 1.484435 104.397731
196 1.483327 1.484435 103.397731
197 1.483327 1.484435 106.397731
198 1.483327 1.484435 102.397731
199 1.483327 1.484435 107.397731
200 1.483327 1.484435 100.397731
201 1.483327 1.484435 109.397731
202 1.483327 1.484435 98.397731
203 1.483327 1.484435 112.397731
204 1.483327 1.484435 96.397731
205 1.483327 1.484435 115.397731
206 1.483327 1.484435 94.397731
207 1.483327 1.484435 118.397731
208 1.483327 1.484435 92.397731
209 1.483327 1.484435 121.397731
210 1.483327 1.484435 89.397731
211 1.483327 1.484435 125.397731
212 1.483327 1.484435 86.397731
213 1.483327 1.484435 129.397731
214 1.483327 1.484435 83.397731
215 1.483327 1.484435 133.397731
216 1.483327 1.484435 80.397731
217 1.483327 1.484435 137.397731
218 1.483327 1.484435 76.397731
219 1.483327 1.484435 141.397731
220 1.483327 1.484435 72.397731
221 1.483327 1.484435 146.397731
222 1.483327 1.484435 68.397731
223 1.483327 1.484435 151.397731
224 1.483327 1.404435 104.397731
225 1.483327 1.404435 103.397731
226 1.483327 1.404435 106.397731
227 1.483327 1.404435 102.397731
228 1.483327 1.404435 107.397731
229 1.483327 1.404435 100.397731
230 1.483327 1.404435 109.397731
231 1.483327 1.404435 98.397731
232 1.483327 1.404435 112.397731
233 1.483327 1.404435 96.397731
234 1.483327 1.404435 115.397731
235 1.483327 1.404435 94.397731
236 1.483327 1.404435 118.397731
237 1.483327 1.404435 92.397731
238 1.483327 1.404435 121.397731
239 1.483327 1.404435 89.397731
240 1.483327 1.404435 125.397731
241 1.483327 1.404435 86.397731
242 1.483327 1.404435 129.397731
243 1.483327 1.404435 83.397731
244 1.483327 1.404435 133.397731
245 1.483327 1.404435 80.397731
246 1.483327 1.404435 137.397731
247 1.483327 1.404435 76.397731
248 1.483327 1.404435 141.397731
249 1.483327 1.404435 72.397731
250 1.483327 1.404435 146.397731
251 1.483327 1.404435 68.397731
252 1.483327 1.504435 104.397731
253 1.483327 1.504435 103.397731
254 1.483327 1.504435 106.397731
255 1.483327 1.504435 102.397731
256 1.483327 1.504435 107.397731
257 1.483327 1.504435 100.397731
258 1.483327 1.504435 109.397731
259 1.483327 1.504435 98.397731
260 1.483327 1.504435 112.397731
261 1.483327 1.504435 96.397731
262 1.483327 1.504435 115.397731
263 1.483327 1.504435 94.397731
264 1.483327 1.504435 118.397731
265 1.483327 1.504435 92.397731
266 1.483327 1.504435 121.397731
267 1.483327 1.504435 89.397731
268 1.483327 1.504435 125.397731
269 1.483327 1.504435 86.397731
270 1.483327 1.504435 129.397731
271 1.483327 1.504435 83.397731
272 1.483327 1.504435 133.397731
273 1.483327 1.504435 80.397731
274 1.483327 1.504435 137.397731
275 1.483327 1.504435 76.397731
276 1.483327 1.504435 141.397731
277 1.483327 1.504435 72.397731
278 1.483327 1.504435 146.397731
279 1.483327 1.384435 104.397731
280 1.483327 1.384435 103.397731
281 1.483327 1.384435 106.397731
282 1.483327 1.384435 102.397731
283 1.483327 1.384435 107.397731
284 1.483327 1.384435 100.397731
285 1.483327 1.384435 109.397731
286 1.483327 1.384435 98.397731
287 1.483327 1.384435 112.397731
288 1.483327 1.384435 96.397731
289 1.483327 1.384435 115.397731
290 1.483327 1.384435 94.397731
291 1.483327 1.384435 118.397731
292 1.483327 1.384435 92.397731
293 1.483327 1.384435 121.397731
294 1.483327 1.384435 89.397731
295 1.483327 1.384435 125.397731
296 1.483327 1.384435 86.397731
297 1.483327 1.384435 129.397731
298 1.483327 1.384435 83.397731
299 1.483327 1.384435 133.397731
300 1.483327 1.384435 80.397731
301 1.483327 1.384435 137.397731
302 1.483327 1.384435 76.397731
303 1.483327 1.384435 141.397731
304 1.483327 1.384435 72.397731
305 1.483327 1.534435 104.397731
306 1.483327 1.534435 103.397731
307 1.483327 1.534435 106.397731
308 1.483327 1.534435 102.397731
309 1.483327 1.534435 107.397731
310 1.483327 1.534435 100.397731
311 1.483327 1.534435 109.397731
312 1.483327 1.534435 98.397731
313 1.483327 1.534435 112.397731
314 1.483327 1.534435 96.397731
315 1.483327 1.534435 115.397731
316 1.483327 1.534435 94.397731
317 1.483327 1.534435 118.397731
318 1.483327 1.534435 92.397731
319 1.483327 1.534435 121.397731
320 1.483327 1.534435 89.397731
321 1.483327 1.534435 125.397731
322 1.483327 1.534435 86.397731
323 1.483327 1.534435 129.397731
324 1.483327 1.534435 83.397731
325 1.483327 1.534435 133.397731
326 1.483327 1.534435 80.397731
327 1.483327 1.534435 137.397731
328 1.483327 1.534435 76.397731
329 1.483327 1.534435 141.397731
330 1.483327 1.364435 104.397731
331 1.483327 1.364435 103.397731
332 1.483327 1.364435 106.397731
333 1.483327 1.364435 102.397731
334 1.483327 1.364435 107.397731
335 1.483327 1.364435 100.397731
336 1.483327 1.364435 109.397731
337 1.483327 1.364435 98.397731
338 1.483327 1.364435 112.397731
339 1.483327 1.364435 96.397731
340 1.483327 1.364435 115.397731
341 1.483327 1.364435 94.397731
342 1.483327 1.364435 118.397731
343 1.483327 1.364435 92.397731
344 1.483327 1.364435 121.397731
345 1.483327 1.364435 89.397731
346 1.483327 1.364435 125.397731
347 1.483327 1.364435 86.397731
348 1.483327 1.364435 129.397731
349 1.483327 1.364435 83.397731
350 1.483327 1.364435 133.397731
351 1.483327 1.364435 80.397731
352 1.483327 1.364435 137.397731
353 1.483327 1.364435 76.397731
354 1.483327 1.574435 104.397731
355 1.483327 1.574435 103.397731
356 1.483327 1.574435 106.397731
357 1.483327 1.574435 102.397731
358 1.483327 1.574435 107.397731
359 1.483327 1.574435 100.397731
360 1.483327 1.574435 109.397731
361 1.483327 1.574435 98.397731
362 1.483327 1.574435 112.397731
363 1.483327 1.574435 96.397731
364 1.483327 1.574435 115.397731
365 1.483327 1.574435 94.397731
366 1.483327 1.574435 118.397731
367 1.483327 1.574435 92.397731
368 1.483327 1.574435 121.397731
369 1.483327 1.574435 89.397731
370 1.483327 1.574435 125.397731
371 1.483327 1.574435 86.397731
372 1.483327 1.574435 129.397731
373 1.483327 1.574435 83.397731
374 1.483327 1.574435 133.397731
375 1.483327 1.574435 80.397731
376 1.483327 1.574435 137.397731
377 1.483327 1.344435 104.397731
378 1.483327 1.344435 103.397731
379 1.483327 1.344435 106.397731
380 1.483327 1.344435 102.397731
381 1.483327 1.344435 107.397731
382 1.483327 1.344435 100.397731
383 1.483327 1.344435 109.397731
384 1.483327 1.344435 98.397731
385 1.483327 1.344435 112.397731
386 1.483327 1.344435 96.397731
387 1.483327 1.344435 115.397731
388 1.483327 1.344435 94.397731
389 1.483327 1.344435 118.397731
390 1.483327 1.344435 92.397731
391 1.483327 1.344435 121.397731
392 1.483327 1.344435 89.397731
393 1.483327 1.344435 125.397731
394 1.483327 1.344435 86.397731
395 1.483327 1.344435 129.397731
396 1.483327 1.344435 83.397731
397 1.483327 1.344435 133.397731
398 1.483327 1.344435 80.397731
399 1.483327 1.614435 104.397731
400 1.483327 1.614435 103.397731
401 1.483327 1.614435 106.397731
402 1.483327 1.614435 102.397731
403 1.483327 1.614435 107.397731
404 1.483327 1.614435 100.397731
405 1.483327 1.614435 109.397731
406 1.483327 1.614435 98.397731
407 1.483327 1.614435 112.397731
408 1.483327 1.614435 96.397731
409 1.483327 1.614435 115.397731
410 1.483327 1.614435 94.397731
411 1.483327 1.614435 118.397731
412 1.483327 1.614435 92.397731
413 1.483327 1.614435 121.397731
414 1.483327 1.614435 89.397731
415 1.483327 1.614435 125.397731
416 1.483327 1.614435 86.397731
417 1.483327 1.614435 129.397731
418 1.483327 1.614435 83.397731
419 1.483327 1.614435 133.397731
420 1.483327 1.324435 104.397731
421 1.483327 1.324435 103.397731
422 1.483327 1.324435 106.397731
423 1.483327 1.324435 102.397731
424 1.483327 1.324435 107.397731
425 1.483327 1.324435 100.397731
426 1.483327 1.324435 109.397731
427 1.483327 1.324435 98.397731
428 1.483327 1.324435 112.397731
429 1.483327 1.324435 96.397731
430 1.483327 1.324435 115.397731
431 1.483327 1.324435 94.397731
432 1.483327 1.324435 118.397731
433 1.483327 1.324435 92.397731
434 1.483327 1.324435 121.397731
435 1.483327 1.324435 89.397731
436 1.483327 1.324435 125.397731
437 1.483327 1.324435 86.397731
438 1.483327 1.324435 129.397731
439 1.483327 1.324435 83.397731
440 1.483327 1.664435 104.397731
441 1.483327 1.664435 103.397731
442 1.483327 1.664435 106.397731
443 1.483327 1.664435 102.397731
444 1.483327 1.664435 107.397731
445 1.483327 1.664435 100.397731
446 1.483327 1.664435 109.397731
447 1.483327 1.664435 98.397731
448 1.483327 1.664435 112.397731
449 1.483327 1.664435 96.397731
450 1.483327 1.664435 115.397731
451 1.483327 1.664435 94.397731
452 1.483327 1.664435 118.397731
453 1.483327 1.664435 92.397731
454 1.483327 1.664435 121.397731
455 1.483327 1.664435 89.397731
456 1.483327 1.664435 125.397731
457 1.483327 1.664435 86.397731
458 1.483327 1.664435 129.397731
459 1.483327 1.294435 104.397731
460 1.483327 1.294435 103.397731
461 1.483327 1.294435 106.397731
462 1.483327 1.294435 102.397731
463 1.483327 1.294435 107.397731
464 1.483327 1.294435 100.397731
465 1.483327 1.294435 109.397731
466 1.483327 1.294435 98.397731
467 1.483327 1.294435 112.397731
468 1.483327 1.294435 96.397731
469 1.483327 1.294435 115.397731
470 1.483327 1.294435 94.397731
471 1.483327 1.294435 118.397731
472 1.483327 1.294435 92.397731
473 1.483327 1.294435 121.397731
474 1.483327 1.294435 89.397731
475 1.483327 1.294435 125.397731
476 1.483327 1.294435 86.397731
477 1.483327 1.734435 104.397731
478 1.483327 1.734435 103.397731
479 1.483327 1.734435 106.397731
480 1.483327 1.734435 102.397731
481 1.483327 1.734435 107.397731
482 1.483327 1.734435 100.397731
483 1.483327 1.734435 109.397731
484 1.483327 1.734435 98.397731
485 1.483327 1.734435 112.397731
486 1.483327 1.734435 96.397731
487 1.483327 1.734435 115.397731
488 1.483327 1.734435 94.397731
489 1.483327 1.734435 118.397731
490 1.483327 1.734435 92.397731
491 1.483327 1.734435 121.397731
492 1.483327 1.734435 89.397731
493 1.483327 1.734435 125.397731
494 1.483327 1.264435 104.397731
495 1.483327 1.264435 103.397731
496 1.483327 1.264435 106.397731
497 1.483327 1.264435 102.397731
498 1.483327 1.264435 107.397731
499 1.483327 1.264435 100.397731
500 1.483327 1.264435 109.397731
501 1.483327 1.264435 98.397731
502 1.483327 1.264435 112.397731
503 1.483327 1.264435 96.397731
504 1.483327 1.264435 115.397731
505 1.483327 1.264435 94.397731
506 1.483327 1.264435 118.397731
507 1.483327 1.264435 92.397731
508 1.483327 1.264435 121.397731
509 1.483327 1.264435 89.397731
510 1.483327 1.824435 104.397731
511 1.483327 1.824435 103.397731
512 1.483327 1.824435 106.397731
513 1.483327 1.824435 102.397731
514 1.483327 1.824435 107.397731
515 1.483327 1.824435 100.397731
516 1.483327 1.824435 109.397731
517 1.483327 1.824435 98.397731
518 1.483327 1.824435 112.397731
519 1.483327 1.824435 96.397731
520 1.483327 1.824435 115.397731
521 1.483327 1.824435 94.397731
522 1.483327 1.824435 118.397731
523 1.483327 1.824435 92.397731
524 1.483327 1.824435 121.397731
525 1.483327 1.224435 104.397731
526 1.483327 1.224435 103.397731
527 1.483327 1.224435 106.397731
528 1.483327 1.224435 102.397731
529 1.483327 1.224435 107.397731
530 1.483327 1.224435 100.397731
531 1.483327 1.224435 109.397731
532 1.483327 1.224435 98.397731
533 1.483327 1.224435 112.397731
534 1.483327 1.224435 96.397731
535 1.483327 1.224435 115.397731
536 1.483327 1.224435 94.397731
537 1.483327 1.224435 118.397731
538 1.483327 1.224435 92.397731
539 1.483327 1.924435 104.397731
540 1.483327 1.924435 103.397731
541 1.483327 1.924435 106.397731
542 1.483327 1.924435 102.397731
543 1.483327 1.924435 107.397731
544 1.483327 1.924435 100.397731
545 1.483327 1.924435 109.397731
546 1.483327 1.924435 98.397731
547 1.483327 1.924435 112.397731
548 1.483327 1.924435 96.397731
549 1.483327 1.924435 115.397731
550 1.483327 1.924435 94.397731
551 1.483327 1.924435 118.397731
552 1.483327 1.184435 104.397731
553 1.483327 1.184435 103.397731
554 1.483327 1.184435 106.397731
555 1.483327 1.184435 102.397731
556 1.483327 1.184435 107.397731
557 1.483327 1.184435 100.397731
558 1.483327 1.184435 109.397731
559 1.483327 1.184435 98.397731
560 1.483327 1.184435 112.397731
561 1.483327 1.184435 96.397731
562 1.483327 1.184435 115.397731
563 1.483327 1.184435 94.397731
564 1.483327 2.034435 104.397731
565 1.483327 2.034435 103.397731
566 1.483327 2.034435 106.397731
567 1.483327 2.034435 102.397731
568 1.483327 2.034435 107.397731
569 1.483327 2.034435 100.397731
570 1.483327 2.034435 109.397731
571 1.483327 2.034435 98.397731
572 1.483327 2.034435 112.397731
573 1.483327 2.034435 96.397731
574 1.483327 2.034435 115.397731
575 1.483327 1.144435 104.397731
576 1.483327 1.144435 103.397731
577 1.483327 1.144435 106.397731
578 1.483327 1.144435 102.397731
579 1.483327 1.144435 107.397731
580 1.483327 1.144435 100.397731
581 1.483327 1.144435 109.397731
582 1.483327 1.144435 98.397731
583 1.483327 1.144435 112.397731
584 1.483327 1.144435 96.397731
585 1.483327 2.174435 104.397731
586 1.483327 2.174435 103.397731
587 1.483327 2.174435 106.397731
588 1.483327 2.174435 102.397731
589 1.483327 2.174435 107.397731
590 1.483327 2.174435 100.397731
591 1.483327 2.174435 109.397731
592 1.483327 2.174435 98.397731
593 1.483327 2.174435 112.397731
594 1.483327 1.114435 104.397731
595 1.483327 1.114435 103.397731
596 1.483327 1.114435 106.397731
597 1.483327 1.114435 102.397731
598 1.483327 1.114435 107.397731
599 1.483327 1.114435 100.397731
600 1.483327 1.114435 109.397731
601 1.483327 1.114435 98.397731
602 1.483327 2.354435 104.397731
603 1.483327 2.354435 103.397731
604 1.483327 2.354435 106.397731
605 1.483327 2.354435 102.397731
606 1.483327 2.354435 107.397731
607 1.483327 2.354435 100.397731
608 1.483327 2.354435 109.397731
609 1.483327 1.084435 104.397731
610 1.483327 1.084435 103.397731
611 1.483327 1.084435 106.397731
612 1.483327 1.084435 102.397731
613 1.483327 1.084435 107.397731
614 1.483327 1.084435 100.397731
615 1.483327 2.574435 104.397731
616 1.483327 2.574435 103.397731
617 1.483327 2.574435 106.397731
618 1.483327 2.574435 102.397731
619 1.483327 2.574435 107.397731
620 1.483327 1.064435 104.397731
621 1.483327 1.064435 103.397731
622 1.483327 1.064435 106.397731
623 1.483327 1.064435 102.397731
624 1.483327 2.814435 104.397731
625 1.483327 2.814435 103.397731
626 1.483327 2.814435 106.397731
627 1.483327 1.034435 104.397731
628 1.483327 1.034435 103.397731
629 1.483327 3.094435 104.397731
630 1.463327 1.454435 104.397731
631 1.463327 1.454435 103.397731
632 1.463327 1.454435 106.397731
633 1.463327 1.454435 102.397731
634 1.463327 1.454435 107.397731
635 1.463327 1.454435 100.397731
636 1.463327 1.454435 109.397731
637 1.463327 1.454435 98.397731
638 1.463327 1.454435 112.397731
639 1.463327 1.454435 96.397731
640 1.463327 1.454435 115.397731
641 1.463327 1.454435 94.397731
642 1.463327 1.454435 118.397731
643 1.463327 1.454435 92.397731
644 1.463327 1.454435 121.397731
645 1.463327 1.454435 89.397731
646 1.463327 1.454435 125.397731
647 1.463327 1.454435 86.397731
648 1.463327 1.454435 129.397731
649 1.463327 1.454435 83.397731
650 1.463327 1.454435 133.397731
651 1.463327 1.454435 80.397731
652 1.463327 1.454435 137.397731
653 1.463327 1.454435 76.397731
654 1.463327 1.454435 141.397731
655 1.463327 1.454435 72.397731
656 1.463327 1.454435 146.397731
657 1.463327 1.454435 68.397731
658 1.463327 1.454435 151.397731
659 1.463327 1.454435 64.397731
660 1.463327 1.454435 156.397731
661 1.463327 1.454435 60.397731
662 1.463327 1.454435 161.397731
663 1.463327 1.454435 57.397731
664 1.463327 1.444435 104.397731
665 1.463327 1.444435 103.397731
666 1.463327 1.444435 106.397731
667 1.463327 1.444435 102.397731
668 1.463327 1.444435 107.397731
669 1.463327 1.444435 100.397731
670 1.463327 1.444435 109.397731
671 1.463327 1.444435 98.397731
672 1.463327 1.444435 112.397731
673 1.463327 1.444435 96.397731
674 1.463327 1.444435 115.397731
675 1.463327 1.444435 94.397731
676 1.463327 1.444435 118.397731
677 1.463327 1.444435 92.397731
678 1.463327 1.444435 121.397731
679 1.463327 1.444435 89.397731
680 1.463327 1.444435 125.397731
681 1.463327 1.444435 86.397731
682 1.463327 1.444435 129.397731
683 1.463327 1.444435 83.397731
684 1.463327 1.444435 133.397731
685 1.463327 1.444435 80.397731
686 1.463327 1.444435 137.397731
687 1.463327 1.444435 76.397731
688 1.463327 1.444435 141.397731
689 1.463327 1.444435 72.397731
690 1.463327 1.444435 146.397731
691 1.463327 1.444435 68.397731
692 1.463327 1.444435 151.397731
693 1.463327 1.444435 64.397731
694 1.463327 1.444435 156.397731
695 1.463327 1.444435 60.397731
696 1.463327 1.444435 161.397731
697 1.463327 1.464435 104.397731
698 1.463327 1.464435 103.397731
699 1.463327 1.464435 106.397731
700 1.463327 1.464435 102.397731
701 1.463327 1.464435 107.397731
702 1.463327 1.464435 100.397731
703 1.463327 1.464435 109.397731
704 1.463327 1.464435 98.397731
705 1.463327 1.464435 112.397731
706 1.463327 1.464435 96.397731
707 1.463327 1.464435 115.397731
708 1.463327 1.464435 94.397731
709 1.463327 1.464435 118.397731
710 1.463327 1.464435 92.397731
711 1.463327 1.464435 121.397731
712 1.463327 1.464435 89.397731
713 1.463327 1.464435 125.397731
714 1.463327 1.464435 86.397731
715 1.463327 1.464435 129.397731
716 1.463327 1.464435 83.397731
717 1.463327 1.464435 133.397731
718 1.463327 1.464435 80.397731
719 1.463327 1.464435 137.397731
720 1.463327 1.464435 76.397731
721 1.463327 1.464435 141.397731
722 1.463327 1.464435 72.397731
723 1.463327 1.464435 146.397731
724 1.463327 1.464435 68.397731
725 1.463327 1.464435 151.397731
726 1.463327 1.464435 64.397731
727 1.463327 1.464435 156.397731
728 1.463327 1.464435 60.397731
729 1.463327 1.434435 104.397731
730 1.463327 1.434435 103.397731
731 1.463327 1.434435 106.397731
732 1.463327 1.434435 102.397731
733 1.463327 1.434435 107.397731
734 1.463327 1.434435 100.397731
735 1.463327 1.434435 109.397731
736 1.463327 1.434435 98.397731
737 1.463327 1.434435 112.397731
738 1.463327 1.434435 96.397731
739 1.463327 1.434435 115.397731
740 1.463327 1.434435 94.397731
741 1.463327 1.434435 118.397731
742 1.463327 1.434435 92.397731
743 1.463327 1.434435 121.397731
744 1.463327 1.434435 89.397731
745 1.463327 1.434435 125.397731
746 1.463327 1.434435 86.397731
747 1.463327 1.434435 129.397731
748 1.463327 1.434435 83.397731
749 1.463327 1.434435 133.397731
750 1.463327 1.434435 80.397731
751 1.463327 1.434435 137.397731
752 1.463327 1.434435 76.397731
753 1.463327 1.434435 141.397731
754 1.463327 1.434435 72.397731
755 1.463327 1.434435 146.397731
756 1.463327 1.434435 68.397731
757 1.463327 1.434435 151.397731
758 1.463327 1.434435 64.397731
759 1.463327 1.434435 156.397731
760 1.463327 1.474435 104.397731
761 1.463327 1.474435 103.397731
762 1.463327 1.474435 106.397731
763 1.463327 1.474435 102.397731
764 1.463327 1.474435 107.397731
765 1.463327 1.474435 100.397731
766 1.463327 1.474435 109.397731
767 1.463327 1.474435 98.397731
768 1.463327 1.474435 112.397731
769 1.463327 1.474435 96.397731
770 1.463327 1.474435 115.397731
771 1.463327 1.474435 94.397731
772 1.463327 1.474435 118.397731
773 1.463327 1.474435 92.397731
774 1.463327 1.474435 121.397731
775 1.463327 1.474435 89.397731
776 1.463327 1.474435 125.397731
777 1.463327 1.474435 86.397731
778 1.463327 1.474435 129.397731
779 1.463327 1.474435 83.397731
780 1.463327 1.474435 133.397731
781 1.463327 1.474435 80.397731
782 1.463327 1.474435 137.397731
783 1.463327 1.474435 76.397731
784 1.463327 1.474435 141.397731
785 1.463327 1.474435 72.397731
786 1.463327 1.474435 146.397731
787 1.463327 1.474435 68.397731
788 1.463327 1.474435 151.397731
789 1.463327 1.474435 64.397731
790 1.463327 1.424435 104.397731
791 1.463327 1.424435 103.397731
792 1.463327 1.424435 106.397731
793 1.463327 1.424435 102.397731
794 1.463327 1.424435 107.397731
795 1.463327 1.424435 100.397731
796 1.463327 1.424435 109.397731
797 1.463327 1.424435 98.397731
798 1.463327 1.424435 112.397731
799 1.463327 1.424435 96.397731
800 1.463327 1.424435 115.397731
801 1.463327 1.424435 94.397731
802 1.463327 1.424435 118.397731
803 1.463327 1.424435 92.397731
804 1.463327 1.424435 121.397731
805 1.463327 1.424435 89.397731
806 1.463327 1.424435 125.397731
807 1.463327 1.424435 86.397731
808 1.463327 1.424435 129.397731
809 1.463327 1.424435 83.397731
810 1.463327 1.424435 133.397731
811 1.463327 1.424435 80.397731
812 1.463327 1.424435 137.397731
813 1.463327 1.424435 76.397731
814 1.463327 1.424435 141.397731
815 1.463327 1.424435 72.397731
816 1.463327 1.424435 146.397731
817 1.463327 1.424435 68.397731
818 1.463327 1.424435 151.397731
819 1.463327 1.484435 104.397731
820 1.463327 1.484435 103.397731
821 1.463327 1.484435 106.397731
822 1.463327 1.484435 102.397731
823 1.463327 1.484435 107.397731
824 1.463327 1.484435 100.397731
825 1.463327 1.484435 109.397731
826 1.463327 1.484435 98.397731
827 1.463327 1.484435 112.397731
828 1.463327 1.484435 96.397731
829 1.463327 1.484435 115.397731
830 1.463327 1.484435 94.397731
831 1.463327 1.484435 118.397731
832 1.463327 1.484435 92.397731
833 1.463327 1.484435 121.397731
834 1.463327 1.484435 89.397731
835 1.463327 1.484435 125.397731
836 1.463327 1.484435 86.397731
837 1.463327 1.484435 129.397731
838 1.463327 1.484435 83.397731
839 1.463327 1.484435 133.397731
840 1.463327 1.484435 80.397731
841 1.463327 1.484435 137.397731
842 1.463327 1.484435 76.397731
843 1.463327 1.484435 141.397731
844 1.463327 1.484435 72.397731
845 1.463327 1.484435 146.397731
846 1.463327 1.484435 68.397731
847 1.463327 1.404435 104.397731
848 1.463327 1.404435 103.397731
849 1.463327 1.404435 106.397731
850 1.463327 1.404435 102.397731
851 1.463327 1.404435 107.397731
852 1.463327 1.404435 100.397731
853 1.463327 1.404435 109.397731
854 1.463327 1.404435 98.397731
855 1.463327 1.404435 112.397731
856 1.463327 1.404435 96.397731
857 1.463327 1.404435 115.397731
858 1.463327 1.404435 94.397731
859 1.463327 1.404435 118.397731
860 1.463327 1.404435 92.397731
861 1.463327 1.404435 121.397731
862 1.463327 1.404435 89.397731
863 1.463327 1.404435 125.397731
864 1.463327 1.404435 86.397731
865 1.463327 1.404435 129.397731
866 1.463327 1.404435 83.397731
867 1.463327 1.404435 133.397731
868 1.463327 1.404435 80.397731
869 1.463327 1.404435 137.397731
870 1.463327 1.404435 76.397731
871 1.463327 1.404435 141.397731
872 1.463327 1.404435 72.397731
873 1.463327 1.404435 146.397731
874 1.463327 1.504435 104.397731
875 1.463327 1.504435 103.397731
876 1.463327 1.504435 106.397731
877 1.463327 1.504435 102.397731
878 1.463327 1.504435 107.397731
879 1.463327 1.504435 100.397731
880 1.463327 1.504435 109.397731
881 1.463327 1.504435 98.397731
882 1.463327 1.504435 112.397731
883 1.463327 1.504435 96.397731
884 1.463327 1.504435 115.397731
885 1.463327 1.504435 94.397731
886 1.463327 1.504435 118.397731
887 1.463327 1.504435 92.397731
888 1.463327 1.504435 121.397731
889 1.463327 1.504435 89.397731
890 1.463327 1.504435 125.397731
891 1.463327 1.504435 86.397731
892 1.463327 1.504435 129.397731
893 1.463327 1.504435 83.397731
894 1.463327 1.504435 133.397731
895 1.463327 1.504435 80.397731
896 1.463327 1.504435 137.397731
897 1.463327 1.504435 76.397731
898 1.463327 1.504435 141.397731
899 1.463327 1.504435 72.397731
900 1.463327 1.384435 104.397731
901 1.463327 1.384435 103.397731
902 1.463327 1.384435 106.397731
903 1.463327 1.384435 102.397731
904 1.463327 1.384435 107.397731
905 1.463327 1.384435 100.397731
906 1.463327 1.384435 109.397731
907 1.463327 1.384435 98.397731
908 1.463327 1.384435 112.397731
909 1.463327 1.384435 96.397731
910 1.463327 1.384435 115.397731
911 1.463327 1.384435 94.397731
912 1.463327 1.384435 118.397731
913 1.463327 1.384435 92.397731
914 1.463327 1.384435 121.397731
915 1.463327 1.384435 89.397731
916 1.463327 1.384435 125.397731
917 1.463327 1.384435 86.397731
918 1.463327 1.384435 129.397731
919 1.463327 1.384435 83.397731
920 1.463327 1.384435 133.397731
921 1.463327 1.384435 80.397731
922 1.463327 1.384435 137.397731
923 1.463327 1.384435 76.397731
924 1.463327 1.384435 141.397731
925 1.463327 1.534435 104.397731
926 1.463327 1.534435 103.397731
927 1.463327 1.534435 106.397731
928 1.463327 1.534435 102.397731
929 1.463327 1.534435 107.397731
930 1.463327 1.534435 100.397731
931 1.463327 1.534435 109.397731
932 1.463327 1.534435 98.397731
933 1.463327 1.534435 112.397731
934 1.463327 1.534435 96.397731
935 1.463327 1.534435 115.397731
936 1.463327 1.534435 94.397731
937 1.463327 1.534435 118.397731
938 1.463327 1.534435 92.397731
939 1.463327 1.534435 121.397731
940 1.463327 1.534435 89.397731
941 1.463327 1.534435 125.397731
942 1.463327 1.534435 86.397731
943 1.463327 1.534435 129.397731
944 1.463327 1.534435 83.397731
945 1.463327 1.534435 133.397731
946 1.463327 1.534435 80.397731
947 1.463327 1.534435 137.397731
948 1.463327 1.534435 76.397731
949 1.463327 1.364435 104.397731
950 1.463327 1.364435 103.397731
951 1.463327 1.364435 106.397731
952 1.463327 1.364435 102.397731
953 1.463327 1.364435 107.397731
954 1.463327 1.364435 100.397731
955 1.463327 1.364435 109.397731
956 1.463327 1.364435 98.397731
957 1.463327 1.364435 112.397731
958 1.463327 1.364435 96.397731
959 1.463327 1.364435 115.397731
960 1.463327 1.364435 94.397731
961 1.463327 1.364435 118.397731
962 1.463327 1.364435 92.397731
963 1.463327 1.364435 121.397731
964 1.463327 1.364435 89.397731
965 1.463327 1.364435 125.397731
966 1.463327 1.364435 86.397731
967 1.463327 1.364435 129.397731
968 1.463327 1.364435 83.397731
969 1.463327 1.364435 133.397731
970 1.463327 1.364435 80.397731
971 1.463327 1.364435 137.397731
972 1.463327 1.574435 104.397731
973 1.463327 1.574435 103.397731
974 1.463327 1.574435 106.397731
975 1.463327 1.574435 102.397731
976 1.463327 1.574435 107.397731
977 1.463327 1.574435 100.397731
978 1.463327 1.574435 109.397731
979 1.463327 1.574435 98.397731
980 1.463327 1.574435 112.397731
981 1.463327 1.574435 96.397731
982 1.463327 1.574435 115.397731
983 1.463327 1.574435 94.397731
984 1.463327 1.574435 118.397731
985 1.463327 1.574435 92.397731
986 1.463327 1.574435 121.397731
987 1.463327 1.574435 89.397731
988 1.463327 1.574435 125.397731
989 1.463327 1.574435 86.397731
990 1.463327 1.574435 129.397731
991 1.463327 1.574435 83.397731
992 1.463327 1.574435 133.397731
993 1.463327 1.574435 80.397731
994 1.463327 1.344435 104.397731
995 1.463327 1.344435 103.397731
996 1.463327 1.344435 106.397731
997 1.463327 1.344435 102.397731
998 1.463327 1.344435 107.397731
999 1.463327 1.344435 100.397731
1000 1.463327 1.344435 109.397731
1001 1.463327 1.344435 98.397731
1002 1.463327 1.344435 112.397731
1003 1.463327 1.344435 96.397731
1004 1.463327 1.344435 115.397731
1005 1.463327 1.344435 94.397731
1006 1.463327 1.344435 118.397731
1007 1.463327 1.344435 92.397731
1008 1.463327 1.344435 121.397731
1009 1.463327 1.344435 89.397731
1010 1.463327 1.344435 125.397731
1011 1.463327 1.344435 86.397731
1012 1.463327 1.344435 129.397731
1013 1.463327 1.344435 83.397731
1014 1.463327 1.344435 133.397731
1015 1.463327 1.614435 104.397731
1016 1.463327 1.614435 103.397731
1017 1.463327 1.614435 106.397731
1018 1.463327 1.614435 102.397731
1019 1.463327 1.614435 107.397731
1020 1.463327 1.614435 100.397731
1021 1.463327 1.614435 109.397731
1022 1.463327 1.614435 98.397731
1023 1.463327 1.614435 112.397731
1024 1.463327 1.614435 96.397731
1025 1.463327 1.614435 115.397731
1026 1.463327 1.614435 94.397731
1027 1.463327 1.614435 118.397731
1028 1.463327 1.614435 92.397731
1029 1.463327 1.614435 121.397731
1030 1.463327 1.614435 89.397731
1031 1.463327 1.614435 125.397731
1032 1.463327 1.614435 86.397731
1033 1.463327 1.614435 129.397731
1034 1.463327 1.614435 83.397731
1035 1.463327 1.324435 104.397731
1036 1.463327 1.324435 103.397731
1037 1.463327 1.324435 106.397731
1038 1.463327 1.324435 102.397731
1039 1.463327 1.324435 107.397731
1040 1.463327 1.324435 100.397731
1041 1.463327 1.324435 109.397731
1042 1.463327 1.324435 98.397731
1043 1.463327 1.324435 112.397731
1044 1.463327 1.324435 96.397731
1045 1.463327 1.324435 115.397731
1046 1.463327 1.324435 94.397731
1047 1.463327 1.324435 118.397731
1048 1.463327 1.324435 92.397731
1049 1.463327 1.324435 121.397731
1050 1.463327 1.324435 89.397731
1051 1.463327 1.324435 125.397731
1052 1.463327 1.324435 86.397731
1053 1.463327 1.324435 129.397731
1054 1.463327 1.664435 104.397731
1055 1.463327 1.664435 103.397731
1056 1.463327 1.664435 106.397731
1057 1.463327 1.664435 102.397731
1058 1.463327 1.664435 107.397731
1059 1.463327 1.664435 100.397731
1060 1.463327 1.664435 109.397731
1061 1.463327 1.664435 98.397731
1062 1.463327 1.664435 112.397731
1063 1.463327 1.664435 96.397731
1064 1.463327 1.664435 115.397731
1065 1.463327 1.664435 94.397731
1066 1.463327 1.664435 118.397731
1067 1.463327 1.664435 92.397731
1068 1.463327 1.664435 121.397731
1069 1.463327 1.664435 89.397731
1070 1.463327 1.664435 125.397731
1071 1.463327 1.664435 86.397731
1072 1.463327 1.294435 104.397731
1073 1.463327 1.294435 103.397731
1074 1.463327 1.294435 106.397731
1075 1.463327 1.294435 102.397731
1076 1.463327 1.294435 107.397731
1077 1.463327 1.294435 100.397731
1078 1.463327 1.294435 109.397731
1079 1.463327 1.294435 98.397731
1080 1.463327 1.294435 112.397731
1081 1.463327 1.294435 96.397731
1082 1.463327 1.294435 115.397731
1083 1.463327 1.294435 94.397731
1084 1.463327 1.294435 118.397731
1085 1.463327 1.294435 92.397731
1086 1.463327 1.294435 121.397731
1087 1.463327 1.294435 89.397731
1088 1.463327 1.294435 125.397731
1089 1.463327 1.734435 104.397731
1090 1.463327 1.734435 103.397731
1091 1.463327 1.734435 106.397731
1092 1.463327 1.734435 102.397731
1093 1.463327 1.734435 107.397731
1094 1.463327 1.734435 100.397731
1095 1.463327 1.734435 109.397731
1096 1.463327 1.734435 98.397731
1097 1.463327 1.734435 112.397731
1098 1.463327 1.734435 96.397731
1099 1.463327 1.734435 115.397731
1100 1.463327 1.734435 94.397731
1101 1.463327 1.734435 118.397731
1102 1.463327 1.734435 92.397731
1103 1.463327 1.734435 121.397731
1104 1.463327 1.734435 89.397731
1105 1.463327 1.264435 104.397731
1106 1.463327 1.264435 103.397731
1107 1.463327 1.264435 106.397731
1108 1.463327 1.264435 102.397731
1109 1.463327 1.264435 107.397731
1110 1.463327 1.264435 100.397731
1111 1.463327 1.264435 109.397731
1112 1.463327 1.264435 98.397731
1113 1.463327 1.264435 112.397731
1114 1.463327 1.264435 96.397731
1115 1.463327 1.264435 115.397731
1116 1.463327 1.264435 94.397731
1117 1.463327 1.264435 118.397731
1118 1.463327 1.264435 92.397731
1119 1.463327 1.264435 121.397731
1120 1.463327 1.824435 104.397731
1121 1.463327 1.824435 103.397731
1122 1.463327 1.824435 106.397731
1123 1.463327 1.824435 102.397731
1124 1.463327 1.824435 107.397731
1125 1.463327 1.824435 100.397731
1126 1.463327 1.824435 109.397731
1127 1.463327 1.824435 98.397731
1128 1.463327 1.824435 112.397731
1129 1.463327 1.824435 96.397731
1130 1.463327 1.824435 115.397731
1131 1.463327 1.824435 94.397731
1132 1.463327 1.824435 118.397731
1133 1.463327 1.824435 92.397731
1134 1.463327 1.224435 104.397731
1135 1.463327 1.224435 103.397731
1136 1.463327 1.224435 106.397731
1137 1.463327 1.224435 102.397731
1138 1.463327 1.224435 107.397731
1139 1.463327 1.224435 100.397731
1140 1.463327 1.224435 109.397731
1141 1.463327 1.224435 98.397731
1142 1.463327 1.224435 112.397731
1143 1.463327 1.224435 96.397731
1144 1.463327 1.224435 115.397731
1145 1.463327 1.224435 94.397731
1146 1.463327 1.224435 118.397731
1147 1.463327 1.924435 104.397731
1148 1.463327 1.924435 103.397731
1149 1.463327 1.924435 106.397731
1150 1.463327 1.924435 102.397731
1151 1.463327 1.924435 107.397731
1152 1.463327 1.924435 100.397731
1153 1.463327 1.924435 109.397731
1154 1.463327 1.924435 98.397731
1155 1.463327 1.924435 112.397731
1156 1.463327 1.924435 96.397731
1157 1.463327 1.924435 115.397731
1158 1.463327 1.924435 94.397731
1159 1.463327 1.184435 104.397731
1160 1.463327 1.184435 103.397731
1161 1.463327 1.184435 106.397731
1162 1.463327 1.184435 102.397731
1163 1.463327 1.184435 107.397731
1164 1.463327 1.184435 100.397731
1165 1.463327 1.184435 109.397731
1166 1.463327 1.184435 98.397731
1167 1.463327 1.184435 112.397731
1168 1.463327 1.184435 96.397731
1169 1.463327 1.184435 115.397731
1170 1.463327 2.034435 104.397731
1171 1.463327 2.034435 103.397731
1172 1.463327 2.034435 106.397731
1173 1.463327 2.034435 102.397731
1174 1.463327 2.034435 107.397731
1175 1.463327 2.034435 100.397731
1176 1.463327 2.034435 109.397731
1177 1.463327 2.034435 98.397731
1178 1.463327 2.034435 112.397731
1179 1.463327 2.034435 96.397731
1180 1.463327 1.144435 104.397731
1181 1.463327 1.144435 103.397731
1182 1.463327 1.144435 106.397731
1183 1.463327 1.144435 102.397731
1184 1.463327 1.144435 107.397731
1185 1.463327 1.144435 100.397731
1186 1.463327 1.144435 109.397731
1187 1.463327 1.144435 98.397731
1188 1.463327 1.144435 112.397731
1189 1.463327 2.174435 104.397731
1190 1.463327 2.174435 103.397731
1191 1.463327 2.174435 106.397731
1192 1.463327 2.174435 102.397731
1193 1.463327 2.174435 107.397731
1194 1.463327 2.174435 100.397731
1195 1.463327 2.174435 109.397731
1196 1.463327 2.174435 98.397731
1197 1.463327 1.114435 104.397731
1198 1.463327 1.114435 103.397731
1199 1.463327 1.114435 106.397731
1200 1.463327 1.114435 102.397731
1201 1.463327 1.114435 107.397731
1202 1.463327 1.114435 100.397731
1203 1.463327 1.114435 109.397731
1204 1.463327 2.354435 104.397731
1205 1.463327 2.354435 103.397731
1206 1.463327 2.354435 106.397731
1207 1.463327 2.354435 102.397731
1208 1.463327 2.354435 107.397731
1209 1.463327 2.354435 100.397731
1210 1.463327 1.084435 104.397731
1211 1.463327 1.084435 103.397731
1212 1.463327 1.084435 106.397731
1213 1.463327 1.084435 102.397731
1214 1.463327 1.084435 107.397731
1215 1.463327 2.574435 104.397731
1216 1.463327 2.574435 103.397731
1217 1.463327 2.574435 106.397731
1218 1.463327 2.574435 102.397731
1219 1.463327 1.064435 104.397731
1220 1.463327 1.064435 103.397731
1221 1.463327 1.064435 106.397731
1222 1.463327 2.814435 104.397731
1223 1.463327 2.814435 103.397731
1224 1.463327 1.034435 104.397731
1225 1.503327 1.454435 104.397731
1226 1.503327 1.454435 103.397731
1227 1.503327 1.454435 106.397731
1228 1.503327 1.454435 102.397731
1229 1.503327 1.454435 107.397731
1230 1.503327 1.454435 100.397731
1231 1.503327 1.454435 109.397731
1232 1.503327 1.454435 98.397731
1233 1.503327 1.454435 112.397731
1234 1.503327 1.454435 96.397731
1235 1.503327 1.454435 115.397731
1236 1.503327 1.454435 94.397731
1237 1.503327 1.454435 118.397731
1238 1.503327 1.454435 92.397731
1239 1.503327 1.454435 121.397731
1240 1.503327 1.454435 89.397731
1241 1.503327 1.454435 125.397731
1242 1.503327 1.454435 86.397731
1243 1.503327 1.454435 129.397731
1244 1.503327 1.454435 83.397731
1245 1.503327 1.454435 133.397731
1246 1.503327 1.454435 80.397731
1247 1.503327 1.454435 137.397731
1248 1.503327 1.454435 76.397731
1249 1.503327 1.454435 141.397731
1250 1.503327 1.454435 72.397731
1251 1.503327 1.454435 146.397731
1252 1.503327 1.454435 68.397731
1253 1.503327 1.454435 151.397731
1254 1.503327 1.454435 64.397731
1255 1.503327 1.454435 156.397731
1256 1.503327 1.454435 60.397731
1257 1.503327 1.454435 161.397731
1258 1.503327 1.444435 104.397731
1259 1.503327 1.444435 103.397731
1260 1.503327 1.444435 106.397731
1261 1.503327 1.444435 102.397731
1262 1.503327 1.444435 107.397731
1263 1.503327 1.444435 100.397731
1264 1.503327 1.444435 109.397731
1265 1.503327 1.444435 98.397731
1266 1.503327 1.444435 112.397731
1267 1.503327 1.444435 96.397731
1268 1.503327 1.444435 115.397731
1269 1.503327 1.444435 94.397731
1270 1.503327 1.444435 118.397731
1271 1.503327 1.444435 92.397731
1272 1.503327 1.444435 121.397731
1273 1.503327 1.444435 89.397731
1274 1.503327 1.444435 125.397731
1275 1.503327 1.444435 86.397731
1276 1.503327 1.444435 129.397731
1277 1.503327 1.444435 83.397731
1278 1.503327 1.444435 133.397731
1279 1.503327 1.444435 80.397731
1280 1.503327 1.444435 137.397731
1281 1.503327 1.444435 76.397731
1282 1.503327 1.444435 141.397731
1283 1.503327 1.444435 72.397731
1284 1.503327 1.444435 146.397731
1285 1.503327 1.444435 68.397731
1286 1.503327 1.444435 151.397731
1287 1.503327 1.444435 64.397731
1288 1.503327 1.444435 156.397731
1289 1.503327 1.444435 60.397731
1290 1.503327 1.464435 104.397731
1291 1.503327 1.464435 103.397731
1292 1.503327 1.464435 106.397731
1293 1.503327 1.464435 102.397731
1294 1.503327 1.464435 107.397731
1295 1.503327 1.464435 100.397731
1296 1.503327 1.464435 109.397731
1297 1.503327 1.464435 98.397731
1298 1.503327 1.464435 112.397731
1299 1.503327 1.464435 96.397731
1300 1.503327 1.464435 115.397731
1301 1.503327 1.464435 94.397731
1302 1.503327 1.464435 118.397731
1303 1.503327 1.464435 92.397731
1304 1.503327 1.464435 121.397731
1305 1.503327 1.464435 89.397731
1306 1.503327 1.464435 125.397731
1307 1.503327 1.464435 86.397731
1308 1.503327 1.464435 129.397731
1309 1.503327 1.464435 83.397731
1310 1.503327 1.464435 133.397731
1311 1.503327 1.464435 80.397731
1312 1.503327 1.464435 137.397731
1313 1.503327 1.464435 76.397731
1314 1.503327 1.464435 141.397731
1315 1.503327 1.464435 72.397731
1316 1.503327 1.464435 146.397731
1317 1.503327 1.464435 68.397731
1318 1.503327 1.464435 151.397731
1319 1.503327 1.464435 64.397731
1320 1.503327 1.464435 156.397731
1321 1.503327 1.434435 104.397731
1322 1.503327 1.434435 103.397731
1323 1.503327 1.434435 106.397731
1324 1.503327 1.434435 102.397731
1325 1.503327 1.434435 107.397731
1326 1.503327 1.434435 100.397731
1327 1.503327 1.434435 109.397731
1328 1.503327 1.434435 98.397731
1329 1.503327 1.434435 112.397731
1330 1.503327 1.434435 96.397731
1331 1.503327 1.434435 115.397731
1332 1.503327 1.434435 94.397731
1333 1.503327 1.434435 118.397731
1334 1.503327 1.434435 92.397731
1335 1.503327 1.434435 121.397731
1336 1.503327 1.434435 89.397731
1337 1.503327 1.434435 125.397731
1338 1.503327 1.434435 86.397731
1339 1.503327 1.434435 129.397731
1340 1.503327 1.434435 83.397731
1341 1.503327 1.434435 133.397731
1342 1.503327 1.434435 80.397731
1343 1.503327 1.434435 137.397731
1344 1.503327 1.434435 76.397731
1345 1.503327 1.434435 141.397731
1346 1.503327 1.434435 72.397731
1347 1.503327 1.434435 146.397731
1348 1.503327 1.434435 68.397731
1349 1.503327 1.434435 151.397731
1350 1.503327 1.434435 64.397731
1351 1.503327 1.474435 104.397731
1352 1.503327 1.474435 103.397731
1353 1.503327 1.474435 106.397731
1354 1.503327 1.474435 102.397731
1355 1.503327 1.474435 107.397731
1356 1.503327 1.474435 100.397731
1357 1.503327 1.474435 109.397731
1358 1.503327 1.474435 98.397731
1359 1.503327 1.474435 112.397731
1360 1.503327 1.474435 96.397731
1361 1.503327 1.474435 115.397731
1362 1.503327 1.474435 94.397731
1363 1.503327 1.474435 118.397731
1364 1.503327 1.474435 92.397731
1365 1.503327 1.474435 121.397731
1366 1.503327 1.474435 89.397731
1367 1.503327 1.474435 125.397731
1368 1.503327 1.474435 86.397731
1369 1.503327 1.474435 129.397731
1370 1.503327 1.474435 83.397731
1371 1.503327 1.474435 133.397731
1372 1.503327 1.474435 80.397731
1373 1.503327 1.474435 137.397731
1374 1.503327 1.474435 76.397731
1375 1.503327 1.474435 141.397731
1376 1.503327 1.474435 72.397731
1377 1.503327 1.474435 146.397731
1378 1.503327 1.474435 68.397731
1379 1.503327 1.474435 151.397731
1380 1.503327 1.424435 104.397731
1381 1.503327 1.424435 103.397731
1382 1.503327 1.424435 106.397731
1383 1.503327 1.424435 102.397731
1384 1.503327 1.424435 107.397731
1385 1.503327 1.424435 100.397731
1386 1.503327 1.424435 109.397731
1387 1.503327 1.424435 98.397731
1388 1.503327 1.424435 112.397731
1389 1.503327 1.424435 96.397731
1390 1.503327 1.424435 115.397731
1391 1.503327 1.424435 94.397731
1392 1.503327 1.424435 118.397731
1393 1.503327 1.424435 92.397731
1394 1.503327 1.424435 121.397731
1395 1.503327 1.424435 89.397731
1396 1.503327 1.424435 125.397731
1397 1.503327 1.424435 86.397731
1398 1.503327 1.424435 129.397731
1399 1.503327 1.424435 83.397731
1400 1.503327 1.424435 133.397731
1401 1.503327 1.424435 80.397731
1402 1.503327 1.424435 137.397731
1403 1.503327 1.424435 76.397731
1404 1.503327 1.424435 141.397731
1405 1.503327 1.424435 72.397731
1406 1.503327 1.424435 146.397731
1407 1.503327 1.424435 68.397731
1408 1.503327 1.484435 104.397731
1409 1.503327 1.484435 103.397731
1410 1.503327 1.484435 106.397731
1411 1.503327 1.484435 102.397731
1412 1.503327 1.484435 107.397731
1413 1.503327 1.484435 100.397731
1414 1.503327 1.484435 109.397731
1415 1.503327 1.484435 98.397731
1416 1.503327 1.484435 112.397731
1417 1.503327 1.484435 96.397731
1418 1.503327 1.484435 115.397731
1419 1.503327 1.484435 94.397731
1420 1.503327 1.484435 118.397731
1421 1.503327 1.484435 92.397731
1422 1.503327 1.484435 121.397731
1423 1.503327 1.484435 89.397731
1424 1.503327 1.484435 125.397731
1425 1.503327 1.484435 86.397731
1426 1.503327 1.484435 129.397731
1427 1.503327 1.484435 83.397731
1428 1.503327 1.484435 133.397731
1429 1.503327 1.484435 80.397731
1430 1.503327 1.484435 137.397731
1431 1.503327 1.484435 76.397731
1432 1.503327 1.484435 141.397731
1433 1.503327 1.484435 72.397731
1434 1.503327 1.484435 146.397731
1435 1.503327 1.404435 104.397731
1436 1.503327 1.404435 103.397731
1437 1.503327 1.404435 106.397731
1438 1.503327 1.404435 102.397731
1439 1.503327 1.404435 107.397731
1440 1.503327 1.404435 100.397731
1441 1.503327 1.404435 109.397731
1442 1.503327 1.404435 98.397731
1443 1.503327 1.404435 112.397731
1444 1.503327 1.404435 96.397731
1445 1.503327 1.404435 115.397731
1446 1.503327 1.404435 94.397731
1447 1.503327 1.404435 118.397731
1448 1.503327 1.404435 92.397731
1449 1.503327 1.404435 121.397731
1450 1.503327 1.404435 89.397731
1451 1.503327 1.404435 125.397731
1452 1.503327 1.404435 86.397731
1453 1.503327 1.404435 129.397731
1454 1.503327 1.404435 83.397731
1455 1.503327 1.404435 133.397731
1456 1.503327 1.404435 80.397731
1457 1.503327 1.404435 137.397731
1458 1.503327 1.404435 76.397731
1459 1.503327 1.404435 141.397731
1460 1.503327 1.404435 72.397731
1461 1.503327 1.504435 104.397731
1462 1.503327 1.504435 103.397731
1463 1.503327 1.504435 106.397731
1464 1.503327 1.504435 102.397731
1465 1.503327 1.504435 107.397731
1466 1.503327 1.504435 100.397731
1467 1.503327 1.504435 109.397731
1468 1.503327 1.504435 98.397731
1469 1.503327 1.504435 112.397731
1470 1.503327 1.504435 96.397731
1471 1.503327 1.504435 115.397731
1472 1.503327 1.504435 94.397731
1473 1.503327 1.504435 118.397731
1474 1.503327 1.504435 92.397731
1475 1.503327 1.504435 121.397731
1476 1.503327 1.504435 89.397731
1477 1.503327 1.504435 125.397731
1478 1.503327 1.504435 86.397731
1479 1.503327 1.504435 129.397731
1480 1.503327 1.504435 83.397731
1481 1.503327 1.504435 133.397731
1482 1.503327 1.504435 80.397731
1483 1.503327 1.504435 137.397731
1484 1.503327 1.504435 76.397731
1485 1.503327 1.504435 141.397731
1486 1.503327 1.384435 104.397731
1487 1.503327 1.384435 103.397731
1488 1.503327 1.384435 106.397731
1489 1.503327 1.384435 102.397731
1490 1.503327 1.384435 107.397731
1491 1.503327 1.384435 100.397731
1492 1.503327 1.384435 109.397731
1493 1.503327 1.384435 98.397731
1494 1.503327 1.384435 112.397731
1495 1.503327 1.384435 96.397731
1496 1.503327 1.384435 115.397731
1497 1.503327 1.384435 94.397731
1498 1.503327 1.384435 118.397731
1499 1.503327 1.384435 92.397731
1500 1.503327 1.384435 121.397731
1501 1.503327 1.384435 89.397731
1502 1.503327 1.384435 125.397731
1503 1.503327 1.384435 86.397731
1504 1.503327 1.384435 129.397731
1505 1.503327 1.384435 83.397731
1506 1.503327 1.384435 133.397731
1507 1.503327 1.384435 80.397731
1508 1.503327 1.384435 137.397731
1509 1.503327 1.384435 76.397731
1510 1.503327 1.534435 104.397731
1511 1.503327 1.534435 103.397731
1512 1.503327 1.534435 106.397731
1513 1.503327 1.534435 102.397731
1514 1.503327 1.534435 107.397731
1515 1.503327 1.534435 100.397731
1516 1.503327 1.534435 109.397731
1517 1.503327 1.534435 98.397731
1518 1.503327 1.534435 112.397731
1519 1.503327 1.534435 96.397731
1520 1.503327 1.534435 115.397731
1521 1.503327 1.534435 94.397731
1522 1.503327 1.534435 118.397731
1523 1.503327 1.534435 92.397731
1524 1.503327 1.534435 121.397731
1525 1.503327 1.534435 89.397731
1526 1.503327 1.534435 125.397731
1527 1.503327 1.534435 86.397731
1528 1.503327 1.534435 129.397731
1529 1.503327 1.534435 83.397731
1530 1.503327 1.534435 133.397731
1531 1.503327 1.534435 80.397731
1532 1.503327 1.534435 137.397731
1533 1.503327 1.364435 104.397731
1534 1.503327 1.364435 103.397731
1535 1.503327 1.364435 106.397731
1536 1.503327 1.364435 102.397731
1537 1.503327 1.364435 107.397731
1538 1.503327 1.364435 100.397731
1539 1.503327 1.364435 109.397731
1540 1.503327 1.364435 98.397731
1541 1.503327 1.364435 112.397731
1542 1.503327 1.364435 96.397731
1543 1.503327 1.364435 115.397731
1544 1.503327 1.364435 94.397731
1545 1.503327 1.364435 118.397731
1546 1.503327 1.364435 92.397731
1547 1.503327 1.364435 121.397731
1548 1.503327 1.364435 89.397731
1549 1.503327 1.364435 125.397731
1550 1.503327 1.364435 86.397731
1551 1.503327 1.364435 129.397731
1552 1.503327 1.364435 83.397731
1553 1.503327 1.364435 133.397731
1554 1.503327 1.364435 80.397731
1555 1.503327 1.574435 104.397731
1556 1.503327 1.574435 103.397731
1557 1.503327 1.574435 106.397731
1558 1.503327 1.574435 102.397731
1559 1.503327 1.574435 107.397731
1560 1.503327 1.574435 100.397731
1561 1.503327 1.574435 109.397731
1562 1.503327 1.574435 98.397731
1563 1.503327 1.574435 112.397731
1564 1.503327 1.574435 96.397731
1565 1.503327 1.574435 115.397731
1566 1.503327 1.574435 94.397731
1567 1.503327 1.574435 118.397731
1568 1.503327 1.574435 92.397731
1569 1.503327 1.574435 121.397731
1570 1.503327 1.574435 89.397731
1571 1.503327 1.574435 125.397731
1572 1.503327 1.574435 86.397731
1573 1.503327 1.574435 129.397731
1574 1.503327 1.574435 83.397731
1575 1.503327 1.574435 133.397731
1576 1.503327 1.344435 104.397731
1577 1.503327 1.344435 103.397731
1578 1.503327 1.344435 106.397731
1579 1.503327 1.344435 102.397731
1580 1.503327 1.344435 107.397731
1581 1.503327 1.344435 100.397731
1582 1.503327 1.344435 109.397731
1583 1.503327 1.344435 98.397731
1584 1.503327 1.344435 112.397731
1585 1.503327 1.344435 96.397731
1586 1.503327 1.344435 115.397731
1587 1.503327 1.344435 94.397731
1588 1.503327 1.344435 118.397731
1589 1.503327 1.344435 92.397731
1590 1.503327 1.344435 121.397731
1591 1.503327 1.344435 89.397731
1592 1.503327 1.344435 125.397731
1593 1.503327 1.344435 86.397731
1594 1.503327 1.344435 129.397731
1595 1.503327 1.344435 83.397731
1596 1.503327 1.614435 104.397731
1597 1.503327 1.614435 103.397731
1598 1.503327 1.614435 106.397731
1599 1.503327 1.614435 102.397731
1600 1.503327 1.614435 107.397731
1601 1.503327 1.614435 100.397731
1602 1.503327 1.614435 109.397731
1603 1.503327 1.614435 98.397731
1604 1.503327 1.614435 112.397731
1605 1.503327 1.614435 96.397731
1606 1.503327 1.614435 115.397731
1607 1.503327 1.614435 94.397731
1608 1.503327 1.614435 118.397731
1609 1.503327 1.614435 92.397731
1610 1.503327 1.614435 121.397731
1611 1.503327 1.614435 89.397731
1612 1.503327 1.614435 125.397731
1613 1.503327 1.614435 86.397731
1614 1.503327 1.614435 129.397731
1615 1.503327 1.324435 104.397731
1616 1.503327 1.324435 103.397731
1617 1.503327 1.324435 106.397731
1618 1.503327 1.324435 102.397731
1619 1.503327 1.324435 107.397731
1620 1.503327 1.324435 100.397731
1621 1.503327 1.324435 109.397731
1622 1.503327 1.324435 98.397731
1623 1.503327 1.324435 112.397731
1624 1.503327 1.324435 96.397731
1625 1.503327 1.324435 115.397731
1626 1.503327 1.324435 94.397731
1627 1.503327 1.324435 118.397731
1628 1.503327 1.324435 92.397731
1629 1.503327 1.324435 121.397731
1630 1.503327 1.324435 89.397731
1631 1.503327 1.324435 125.397731
1632 1.503327 1.324435 86.397731
1633 1.503327 1.664435 104.397731
1634 1.503327 1.664435 103.397731
1635 1.503327 1.664435 106.397731
1636 1.503327 1.664435 102.397731
1637 1.503327 1.664435 107.397731
1638 1.503327 1.664435 100.397731
1639 1.503327 1.664435 109.397731
1640 1.503327 1.664435 98.397731
1641 1.503327 1.664435 112.397731
1642 1.503327 1.664435 96.397731
1643 1.503327 1.664435 115.397731
1644 1.503327 1.664435 94.397731
1645 1.503327 1.664435 118.397731
1646 1.503327 1.664435 92.397731
1647 1.503327 1.664435 121.397731
1648 1.503327 1.664435 89.397731
1649 1.503327 1.664435 125.397731
1650 1.503327 1.294435 104.397731
1651 1.503327 1.294435 103.397731
1652 1.503327 1.294435 106.397731
1653 1.503327 1.294435 102.397731
1654 1.503327 1.294435 107.397731
1655 1.503327 1.294435 100.397731
1656 1.503327 1.294435 109.397731
1657 1.503327 1.294435 98.397731
1658 1.503327 1.294435 112.397731
1659 1.503327 1.294435 96.397731
1660 1.503327 1.294435 115.397731
1661 1.503327 1.294435 94.397731
1662 1.503327 1.294435 118.397731
1663 1.503327 1.294435 92.397731
1664 1.503327 1.294435 121.397731
1665 1.503327 1.294435 89.397731
1666 1.503327 1.734435 104.397731
1667 1.503327 1.734435 103.397731
1668 1.503327 1.734435 106.397731
1669 1.503327 1.734435 102.397731
1670 1.503327 1.734435 107.397731
1671 1.503327 1.734435 100.397731
1672 1.503327 1.734435 109.397731
1673 1.503327 1.734435 98.397731
1674 1.503327 1.734435 112.397731
1675 1.503327 1.734435 96.397731
1676 1.503327 1.734435 115.397731
1677 1.503327 1.734435 94.397731
1678 1.503327 1.734435 118.397731
1679 1.503327 1.734435 92.397731
1680 1.503327 1.734435 121.397731
1681 1.503327 1.264435 104.397731
1682 1.503327 1.264435 103.397731
1683 1.503327 1.264435 106.397731
1684 1.503327 1.264435 102.397731
1685 1.503327 1.264435 107.397731
1686 1.503327 1.264435 100.397731
1687 1.503327 1.264435 109.397731
1688 1.503327 1.264435 98.397731
1689 1.503327 1.264435 112.397731
1690 1.503327 1.264435 96.397731
1691 1.503327 1.264435 115.397731
1692 1.503327 1.264435 94.397731
1693 1.503327 1.264435 118.397731
1694 1.503327 1.264435 92.397731
1695 1.503327 1.824435 104.397731
1696 1.503327 1.824435 103.397731
1697 1.503327 1.824435 106.397731
1698 1.503327 1.824435 102.397731
1699 1.503327 1.824435 107.397731
1700 1.503327 1.824435 100.397731
1701 1.503327 1.824435 109.397731
1702 1.503327 1.824435 98.397731
1703 1.503327 1.824435 112.397731
1704 1.503327 1.824435 96.397731
1705 1.503327 1.824435 115.397731
1706 1.503327 1.824435 94.397731
1707 1.503327 1.824435 118.397731
1708 1.503327 1.224435 104.397731
1709 1.503327 1.224435 103.397731
1710 1.503327 1.224435 106.397731
1711 1.503327 1.224435 102.397731
1712 1.503327 1.224435 107.397731
1713 1.503327 1.224435 100.397731
1714 1.503327 1.224435 109.397731
1715 1.503327 1.224435 98.397731
1716 1.503327 1.224435 112.397731
1717 1.503327 1.224435 96.397731
1718 1.503327 1.224435 115.397731
1719 1.503327 1.224435 94.397731
1720 1.503327 1.924435 104.397731
1721 1.503327 1.924435 103.397731
1722 1.503327 1.924435 106.397731
1723 1.503327 1.924435 102.397731
1724 1.503327 1.924435 107.397731
1725 1.503327 1.924435 100.397731
1726 1.503327 1.924435 109.397731
1727 1.503327 1.924435 98.397731
1728 1.503327 1.924435 112.397731
1729 1.503327 1.924435 96.397731
1730 1.503327 1.924435 115.397731
1731 1.503327 1.184435 104.397731
1732 1.503327 1.184435 103.397731
1733 1.503327 1.184435 106.397731
1734 1.503327 1.184435 102.397731
1735 1.503327 1.184435 107.397731
1736 1.503327 1.184435 100.397731
1737 1.503327 1.184435 109.397731
1738 1.503327 1.184435 98.397731
1739 1.503327 1.184435 112.397731
1740 1.503327 1.184435 96.397731
1741 1.503327 2.034435 104.397731
1742 1.503327 2.034435 103.397731
1743 1.503327 2.034435 106.397731
1744 1.503327 2.034435 102.397731
1745 1.503327 2.034435 107.397731
1746 1.503327 2.034435 100.397731
1747 1.503327 2.034435 109.397731
1748 1.503327 2.034435 98.397731
1749 1.503327 2.034435 112.397731
1750 1.503327 1.144435 104.397731
1751 1.503327 1.144435 103.397731
1752 1.503327 1.144435 106.397731
1753 1.503327 1.144435 102.397731
1754 1.503327 1.144435 107.397731
1755 1.503327 1.144435 100.397731
1756 1.503327 1.144435 109.397731
1757 1.503327 1.144435 98.397731
1758 1.503327 2.174435 104.397731
1759 1.503327 2.174435 103.397731
1760 1.503327 2.174435 106.397731
1761 1.503327 2.174435 102.397731
1762 1.503327 2.174435 107.397731
1763 1.503327 2.174435 100.397731
1764 1.503327 2.174435 109.397731
1765 1.503327 1.114435 104.397731
1766 1.503327 1.114435 103.397731
1767 1.503327 1.114435 106.397731
1768 1.503327 1.114435 102.397731
1769 1.503327 1.114435 107.397731
1770 1.503327 1.114435 100.397731
1771 1.503327 2.354435 104.397731
1772 1.503327 2.354435 103.397731
1773 1.503327 2.354435 106.397731
1774 1.503327 2.354435 102.397731
1775 1.503327 2.354435 107.397731
1776 1.503327 1.084435 104.397731
1777 1.503327 1.084435 103.397731
1778 1.503327 1.084435 106.397731
1779 1.503327 1.084435 102.397731
1780 1.503327 2.574435 104.397731
1781 1.503327 2.574435 103.397731
1782 1.503327 2.574435 106.397731
1783 1.503327 1.064435 104.397731
1784 1.503327 1.064435 103.397731
1785 1.503327 2.814435 104.397731
1786 1.453327 1.454435 104.397731
1787 1.453327 1.454435 103.397731
1788 1.453327 1.454435 106.397731
1789 1.453327 1.454435 102.397731
1790 1.453327 1.454435 107.397731
1791 1.453327 1.454435 100.397731
1792 1.453327 1.454435 109.397731
1793 1.453327 1.454435 98.397731
1794 1.453327 1.454435 112.397731
1795 1.453327 1.454435 96.397731
1796 1.453327 1.454435 115.397731
1797 1.453327 1.454435 94.397731
1798 1.453327 1.454435 118.397731
1799 1.453327 1.454435 92.397731
1800 1.453327 1.454435 121.397731
1801 1.453327 1.454435 89.397731
1802 1.453327 1.454435 125.397731
1803 1.453327 1.454435 86.397731
1804 1.453327 1.454435 129.397731
1805 1.453327 1.454435 83.397731
1806 1.453327 1.454435 133.397731
1807 1.453327 1.454435 80.397731
1808 1.453327 1.454435 137.397731
1809 1.453327 1.454435 76.397731
1810 1.453327 1.454435 141.397731
1811 1.453327 1.454435 72.397731
1812 1.453327 1.454435 146.397731
1813 1.453327 1.454435 68.397731
1814 1.453327 1.454435 151.397731
1815 1.453327 1.454435 64.397731
1816 1.453327 1.454435 156.397731
1817 1.453327 1.454435 60.397731
1818 1.453327 1.444435 104.397731
1819 1.453327 1.444435 103.397731
1820 1.453327 1.444435 106.397731
1821 1.453327 1.444435 102.397731
1822 1.453327 1.444435 107.397731
1823 1.453327 1.444435 100.397731
1824 1.453327 1.444435 109.397731
1825 1.453327 1.444435 98.397731
1826 1.453327 1.444435 112.397731
1827 1.453327 1.444435 96.397731
1828 1.453327 1.444435 115.397731
1829 1.453327 1.444435 94.397731
1830 1.453327 1.444435 118.397731
1831 1.453327 1.444435 92.397731
1832 1.453327 1.444435 121.397731
1833 1.453327 1.444435 89.397731
1834 1.453327 1.444435 125.397731
1835 1.453327 1.444435 86.397731
1836 1.453327 1.444435 129.397731
1837 1.453327 1.444435 83.397731
1838 1.453327 1.444435 133.397731
1839 1.453327 1.444435 80.397731
1840 1.453327 1.444435 137.397731
1841 1.453327 1.444435 76.397731
1842 1.453327 1.444435 141.397731
1843 1.453327 1.444435 72.397731
1844 1.453327 1.444435 146.397731
1845 1.453327 1.444435 68.397731
1846 1.453327 1.444435 151.397731
1847 1.453327 1.444435 64.397731
1848 1.453327 1.444435 156.397731
1849 1.453327 1.464435 104.397731
1850 1.453327 1.464435 103.397731
1851 1.453327 1.464435 106.397731
1852 1.453327 1.464435 102.397731
1853 1.453327 1.464435 107.397731
1854 1.453327 1.464435 100.397731
1855 1.453327 1.464435 109.397731
1856 1.453327 1.464435 98.397731
1857 1.453327 1.464435 112.397731
1858 1.453327 1.464435 96.397731
1859 1.453327 1.464435 115.397731
1860 1.453327 1.464435 94.397731
1861 1.453327 1.464435 118.397731
1862 1.453327 1.464435 92.397731
1863 1.453327 1.464435 121.397731
1864 1.453327 1.464435 89.397731
1865 1.453327 1.464435 125.397731
1866 1.453327 1.464435 86.397731
1867 1.453327 1.464435 129.397731
1868 1.453327 1.464435 83.397731
1869 1.453327 1.464435 133.397731
1870 1.453327 1.464435 80.397731
1871 1.453327 1.464435 137.397731
1872 1.453327 1.464435 76.397731
1873 1.453327 1.464435 141.397731
1874 1.453327 1.464435 72.397731
1875 1.453327 1.464435 146.397731
1876 1.453327 1.464435 68.397731
1877 1.453327 1.464435 151.397731
1878 1.453327 1.464435 64.397731
1879 1.453327 1.434435 104.397731
1880 1.453327 1.434435 103.397731
1881 1.453327 1.434435 106.397731
1882 1.453327 1.434435 102.397731
1883 1.453327 1.434435 107.397731
1884 1.453327 1.434435 100.397731
1885 1.453327 1.434435 109.397731
1886 1.453327 1.434435 98.397731
1887 1.453327 1.434435 112.397731
1888 1.453327 1.434435 96.397731
1889 1.453327 1.434435 115.397731
1890 1.453327 1.434435 94.397731
1891 1.453327 1.434435 118.397731
1892 1.453327 1.434435 92.397731
1893 1.453327 1.434435 121.397731
1894 1.453327 1.434435 89.397731
1895 1.453327 1.434435 125.397731
1896 1.453327 1.434435 86.397731
1897 1.453327 1.434435 129.397731
1898 1.453327 1.434435 83.397731
1899 1.453327 1.434435 133.397731
1900 1.453327 1.434435 80.397731
1901 1.453327 1.434435 137.397731
1902 1.453327 1.434435 76.397731
1903 1.453327 1.434435 141.397731
1904 1.453327 1.434435 72.397731
1905 1.453327 1.434435 146.397731
1906 1.453327 1.434435 68.397731
1907 1.453327 1.434435 151.397731
1908 1.453327 1.474435 104.397731
1909 1.453327 1.474435 103.397731
1910 1.453327 1.474435 106.397731
1911 1.453327 1.474435 102.397731
1912 1.453327 1.474435 107.397731
1913 1.453327 1.474435 100.397731
1914 1.453327 1.474435 109.397731
1915 1.453327 1.474435 98.397731
1916 1.453327 1.474435 112.397731
1917 1.453327 1.474435 96.397731
1918 1.453327 1.474435 115.397731
1919 1.453327 1.474435 94.397731
1920 1.453327 1.474435 118.397731
1921 1.453327 1.474435 92.397731
1922 1.453327 1.474435 121.397731
1923 1.453327 1.474435 89.397731
1924 1.453327 1.474435 125.397731
1925 1.453327 1.474435 86.397731
1926 1.453327 1.474435 129.397731
1927 1.453327 1.474435 83.397731
1928 1.453327 1.474435 133.397731
1929 1.453327 1.474435 80.397731
1930 1.453327 1.474435 137.397731
1931 1.453327 1.474435 76.397731
1932 1.453327 1.474435 141.397731
1933 1.453327 1.474435 72.397731
1934 1.453327 1.474435 146.397731
1935 1.453327 1.474435 68.397731
1936 1.453327 1.424435 104.397731
1937 1.453327 1.424435 103.397731
1938 1.453327 1.424435 106.397731
1939 1.453327 1.424435 102.397731
1940 1.453327 1.424435 107.397731
1941 1.453327 1.424435 100.397731
1942 1.453327 1.424435 109.397731
1943 1.453327 1.424435 98.397731
1944 1.453327 1.424435 112.397731
1945 1.453327 1.424435 96.397731
1946 1.453327 1.424435 115.397731
1947 1.453327 1.424435 94.397731
1948 1.453327 1.424435 118.397731
1949 1.453327 1.424435 92.397731
1950 1.453327 1.424435 121.397731
1951 1.453327 1.424435 89.397731
1952 1.453327 1.424435 125.397731
1953 1.453327 1.424435 86.397731
1954 1.453327 1.424435 129.397731
1955 1.453327 1.424435 83.397731
1956 1.453327 1.424435 133.397731
1957 1.453327 1.424435 80.397731
1958 1.453327 1.424435 137.397731
1959 1.453327 1.424435 76.397731
1960 1.453327 1.424435 141.397731
1961 1.453327 1.424435 72.397731
1962 1.453327 1.424435 146.397731
1963 1.453327 1.484435 104.397731
1964 1.453327 1.484435 103.397731
1965 1.453327 1.484435 106.397731
1966 1.453327 1.484435 102.397731
1967 1.453327 1.484435 107.397731
1968 1.453327 1.484435 100.397731
1969 1.453327 1.484435 109.397731
1970 1.453327 1.484435 98.397731
1971 1.453327 1.484435 112.397731
1972 1.453327 1.484435 96.397731
1973 1.453327 1.484435 115.397731
1974 1.453327 1.484435 94.397731
1975 1.453327 1.484435 118.397731
1976 1.453327 1.484435 92.397731
1977 1.453327 1.484435 121.397731
1978 1.453327 1.484435 89.397731
1979 1.453327 1.484435 125.397731
1980 1.453327 1.484435 86.397731
1981 1.453327 1.484435 129.397731
1982 1.453327 1.484435 83.397731
1983 1.453327 1.484435 133.397731
1984 1.453327 1.484435 80.397731
1985 1.453327 1.484435 137.397731
1986 1.453327 1.484435 76.397731
1987 1.453327 1.484435 141.397731
1988 1.453327 1.484435 72.397731
1989 1.453327 1.404435 104.397731
1990 1.453327 1.404435 103.397731
1991 1.453327 1.404435 106.397731
1992 1.453327 1.404435 102.397731
1993 1.453327 1.404435 107.397731
1994 1.453327 1.404435 100.397731
1995 1.453327 1.404435 109.397731
1996 1.453327 1.404435 98.397731
1997 1.453327 1.404435 112.397731
1998 1.453327 1.404435 96.397731
1999 1.453327 1.404435 115.397731
2000 1.453327 1.404435 94.397731
2001 1.453327 1.404435 118.397731
2002 1.453327 1.404435 92.397731
2003 1.453327 1.404435 121.397731
2004 1.453327 1.404435 89.397731
2005 1.453327 1.404435 125.397731
2006 1.453327 1.404435 86.397731
2007 1.453327 1.404435 129.397731
2008 1.453327 1.404435 83.397731
2009 1.453327 1.404435 133.397731
2010 1.453327 1.404435 80.397731
2011 1.453327 1.404435 137.397731
2012 1.453327 1.404435 76.397731
2013 1.453327 1.404435 141.397731
2014 1.453327 1.504435 104.397731
2015 1.453327 1.504435 103.397731
2016 1.453327 1.504435 106.397731
2017 1.453327 1.504435 102.397731
2018 1.453327 1.504435 107.397731
2019 1.453327 1.504435 100.397731
2020 1.453327 1.504435 109.397731
2021 1.453327 1.504435 98.397731
2022 1.453327 1.504435 112.397731
2023 1.453327 1.504435 96.397731
2024 1.453327 1.504435 115.397731
2025 1.453327 1.504435 94.397731
2026 1.453327 1.504435 118.397731
2027 1.453327 1.504435 92.397731
2028 1.453327 1.504435 121.397731
2029 1.453327 1.504435 89.397731
2030 1.453327 1.504435 125.397731
2031 1.453327 1.504435 86.397731
2032 1.453327 1.504435 129.397731
2033 1.453327 1.504435 83.397731
2034 1.453327 1.504435 133.397731
2035 1.453327 1.504435 80.397731
2036 1.453327 1.504435 137.397731
2037 1.453327 1.504435 76.397731
2038 1.453327 1.384435 104.397731
2039 1.453327 1.384435 103.397731
2040 1.453327 1.384435 106.397731
2041 1.453327 1.384435 102.397731
2042 1.453327 1.384435 107.397731
2043 1.453327 1.384435 100.397731
2044 1.453327 1.384435 109.397731
2045 1.453327 1.384435 98.397731
2046 1.453327 1.384435 112.397731
2047 1.453327 1.384435 96.397731
2048 1.453327 1.384435 115.397731
2049 1.453327 1.384435 94.397731
2050 1.453327 1.384435 118.397731
2051 1.453327 1.384435 92.397731
2052 1.453327 1.384435 121.397731
2053 1.453327 1.384435 89.397731
2054 1.453327 1.384435 125.397731
2055 1.453327 1.384435 86.397731
2056 1.453327 1.384435 129.397731
2057 1.453327 1.384435 83.397731
2058 1.453327 1.384435 133.397731
2059 1.453327 1.384435 80.397731
2060 1.453327 1.384435 137.397731
2061 1.453327 1.534435 104.397731
2062 1.453327 1.534435 103.397731
2063 1.453327 1.534435 106.397731
2064 1.453327 1.534435 102.397731
2065 1.453327 1.534435 107.397731
2066 1.453327 1.534435 100.397731
2067 1.453327 1.534435 109.397731
2068 1.453327 1.534435 98.397731
2069 1.453327 1.534435 112.397731
2070 1.453327 1.534435 96.397731
2071 1.453327 1.534435 115.397731
2072 1.453327 1.534435 94.397731
2073 1.453327 1.534435 118.397731
2074 1.453327 1.534435 92.397731
2075 1.453327 1.534435 121.397731
2076 1.453327 1.534435 89.397731
2077 1.453327 1.534435 125.397731
2078 1.453327 1.534435 86.397731
2079 1.453327 1.534435 129.397731
2080 1.453327 1.534435 83.397731
2081 1.453327 1.534435 133.397731
2082 1.453327 1.534435 80.397731
2083 1.453327 1.364435 104.397731
2084 1.453327 1.364435 103.397731
2085 1.453327 1.364435 106.397731
2086 1.453327 1.364435 102.397731
2087 1.453327 1.364435 107.397731
2088 1.453327 1.364435 100.397731
2089 1.453327 1.364435 109.397731
2090 1.453327 1.364435 98.397731
2091 1.453327 1.364435 112.397731
2092 1.453327 1.364435 96.397731
2093 1.453327 1.364435 115.397731
2094 1.453327 1.364435 94.397731
2095 1.453327 1.364435 118.397731
2096 1.453327 1.364435 92.397731
2097 1.453327 1.364435 121.397731
2098 1.453327 1.364435 89.397731
2099 1.453327 1.364435 125.397731
2100 1.453327 1.364435 86.397731
2101 1.453327 1.364435 129.397731
2102 1.453327 1.364435 83.397731
2103 1.453327 1.364435 133.397731
2104 1.453327 1.574435 104.397731
2105 1.453327 1.574435 103.397731
2106 1.453327 1.574435 106.397731
2107 1.453327 1.574435 102.397731
2108 1.453327 1.574435 107.397731
2109 1.453327 1.574435 100.397731
2110 1.453327 1.574435 109.397731
2111 1.453327 1.574435 98.397731
2112 1.453327 1.574435 112.397731
2113 1.453327 1.574435 96.397731
2114 1.453327 1.574435 115.397731
2115 1.453327 1.574435 94.397731
2116 1.453327 1.574435 118.397731
2117 1.453327 1.574435 92.397731
2118 1.453327 1.574435 121.397731
2119 1.453327 1.574435 89.397731
2120 1.453327 1.574435 125.397731
2121 1.453327 1.574435 86.397731
2122 1.453327 1.574435 129.397731
2123 1.453327 1.574435 83.397731
2124 1.453327 1.344435 104.397731
2125 1.453327 1.344435 103.397731
2126 1.453327 1.344435 106.397731
2127 1.453327 1.344435 102.397731
2128 1.453327 1.344435 107.397731
2129 1.453327 1.344435 100.397731
2130 1.453327 1.344435 109.397731
2131 1.453327 1.344435 98.397731
2132 1.453327 1.344435 112.397731
2133 1.453327 1.344435 96.397731
2134 1.453327 1.344435 115.397731
2135 1.453327 1.344435 94.397731
2136 1.453327 1.344435 118.397731
2137 1.453327 1.344435 92.397731
2138 1.453327 1.344435 121.397731
2139 1.453327 1.344435 89.397731
2140 1.453327 1.344435 125.397731
2141 1.453327 1.344435 86.397731
2142 1.453327 1.344435 129.397731
2143 1.453327 1.614435 104.397731
2144 1.453327 1.614435 103.397731
2145 1.453327 1.614435 106.397731
2146 1.453327 1.614435 102.397731
2147 1.453327 1.614435 107.397731
2148 1.453327 1.614435 100.397731
2149 1.453327 1.614435 109.397731
2150 1.453327 1.614435 98.397731
2151 1.453327 1.614435 112.397731
2152 1.453327 1.614435 96.397731
2153 1.453327 1.614435 115.397731
2154 1.453327 1.614435 94.397731
2155 1.453327 1.614435 118.397731
2156 1.453327 1.614435 92.397731
2157 1.453327 1.614435 121.397731
2158 1.453327 1.614435 89.397731
2159 1.453327 1.614435 125.397731
2160 1.453327 1.614435 86.397731
2161 1.453327 1.324435 104.397731
2162 1.453327 1.324435 103.397731
2163 1.453327 1.324435 106.397731
2164 1.453327 1.324435 102.397731
2165 1.453327 1.324435 107.397731
2166 1.453327 1.324435 100.397731
2167 1.453327 1.324435 109.397731
2168 1.453327 1.324435 98.397731
2169 1.453327 1.324435 112.397731
2170 1.453327 1.324435 96.397731
2171 1.453327 1.324435 115.397731
2172 1.453327 1.324435 94.397731
2173 1.453327 1.324435 118.397731
2174 1.453327 1.324435 92.397731
2175 1.453327 1.324435 121.397731
2176 1.453327 1.324435 89.397731
2177 1.453327 1.324435 125.397731
2178 1.453327 1.664435 104.397731
2179 1.453327 1.664435 103.397731
2180 1.453327 1.664435 106.397731
2181 1.453327 1.664435 102.397731
2182 1.453327 1.664435 107.397731
2183 1.453327 1.664435 100.397731
2184 1.453327 1.664435 109.397731
2185 1.453327 1.664435 98.397731
2186 1.453327 1.664435 112.397731
2187 1.453327 1.664435 96.397731
2188 1.453327 1.664435 115.397731
2189 1.453327 1.664435 94.397731
2190 1.453327 1.664435 118.397731
2191 1.453327 1.664435 92.397731
2192 1.453327 1.664435 121.397731
2193 1.453327 1.664435 89.397731
2194 1.453327 1.294435 104.397731
2195 1.453327 1.294435 103.397731
2196 1.453327 1.294435 106.397731
2197 1.453327 1.294435 102.397731
2198 1.453327 1.294435 107.397731
2199 1.453327 1.294435 100.397731
2200 1.453327 1.294435 109.397731
2201 1.453327 1.294435 98.397731
2202 1.453327 1.294435 112.397731
2203 1.453327 1.294435 96.397731
2204 1.453327 1.294435 115.397731
2205 1.453327 1.294435 94.397731
2206 1.453327 1.294435 118.397731
2207 1.453327 1.294435 92.397731
2208 1.453327 1.294435 121.397731
2209 1.453327 1.734435 104.397731
2210 1.453327 1.734435 103.397731
2211 1.453327 1.734435 106.397731
2212 1.453327 1.734435 102.397731
2213 1.453327 1.734435 107.397731
2214 1.453327 1.734435 100.397731
2215 1.453327 1.734435 109.397731
2216 1.453327 1.734435 98.397731
2217 1.453327 1.734435 112.397731
2218 1.453327 1.734435 96.397731
2219 1.453327 1.734435 115.397731
2220 1.453327 1.734435 94.397731
2221 1.453327 1.734435 118.397731
2222 1.453327 1.734435 92.397731
2223 1.453327 1.264435 104.397731
2224 1.453327 1.264435 103.397731
2225 1.453327 1.264435 106.397731
2226 1.453327 1.264435 102.397731
2227 1.453327 1.264435 107.397731
2228 1.453327 1.264435 100.397731
2229 1.453327 1.264435 109.397731
2230 1.453327 1.264435 98.397731
2231 1.453327 1.264435 112.397731
2232 1.453327 1.264435 96.397731
2233 1.453327 1.264435 115.397731
2234 1.453327 1.264435 94.397731
2235 1.453327 1.264435 118.397731
2236 1.453327 1.824435 104.397731
2237 1.453327 1.824435 103.397731
2238 1.453327 1.824435 106.397731
2239 1.453327 1.824435 102.397731
2240 1.453327 1.824435 107.397731
2241 1.453327 1.824435 100.397731
2242 1.453327 1.824435 109.397731
2243 1.453327 1.824435 98.397731
2244 1.453327 1.824435 112.397731
2245 1.453327 1.824435 96.397731
2246 1.453327 1.824435 115.397731
2247 1.453327 1.824435 94.397731
2248 1.453327 1.224435 104.397731
2249 1.453327 1.224435 103.397731
2250 1.453327 1.224435 106.397731
2251 1.453327 1.224435 102.397731
2252 1.453327 1.224435 107.397731
2253 1.453327 1.224435 100.397731
2254 1.453327 1.224435 109.397731
2255 1.453327 1.224435 98.397731
2256 1.453327 1.224435 112.397731
2257 1.453327 1.224435 96.397731
2258 1.453327 1.224435 115.397731
2259 1.453327 1.924435 104.397731
2260 1.453327 1.924435 103.397731
2261 1.453327 1.924435 106.397731
2262 1.453327 1.924435 102.397731
2263 1.453327 1.924435 107.397731
2264 1.453327 1.924435 100.397731
2265 1.453327 1.924435 109.397731
2266 1.453327 1.924435 98.397731
2267 1.453327 1.924435 112.397731
2268 1.453327 1.924435 96.397731
2269 1.453327 1.184435 104.397731
2270 1.453327 1.184435 103.397731
2271 1.453327 1.184435 106.397731
2272 1.453327 1.184435 102.397731
2273 1.453327 1.184435 107.397731
2274 1.453327 1.184435 100.397731
2275 1.453327 1.184435 109.397731
2276 1.453327 1.184435 98.397731
2277 1.453327 1.184435 112.397731
2278 1.453327 2.034435 104.397731
2279 1.453327 2.034435 103.397731
2280 1.453327 2.034435 106.397731
2281 1.453327 2.034435 102.397731
2282 1.453327 2.034435 107.397731
2283 1.453327 2.034435 100.397731
2284 1.453327 2.034435 109.397731
2285 1.453327 2.034435 98.397731
2286 1.453327 1.144435 104.397731
2287 1.453327 1.144435 103.397731
2288 1.453327 1.144435 106.397731
2289 1.453327 1.144435 102.397731
2290 1.453327 1.144435 107.397731
2291 1.453327 1.144435 100.397731
2292 1.453327 1.144435 109.397731
2293 1.453327 2.174435 104.397731
2294 1.453327 2.174435 103.397731
2295 1.453327 2.174435 106.397731
2296 1.453327 2.174435 102.397731
2297 1.453327 2.174435 107.397731
2298 1.453327 2.174435 100.397731
2299 1.453327 1.114435 104.397731
2300 1.453327 1.114435 103.397731
2301 1.453327 1.114435 106.397731
2302 1.453327 1.114435 102.397731
2303 1.453327 1.114435 107.397731
2304 1.453327 2.354435 104.397731
2305 1.453327 2.354435 103.397731
2306 1.453327 2.354435 106.397731
2307 1.453327 2.354435 102.397731
2308 1.453327 1.084435 104.397731
2309 1.453327 1.084435 103.397731
2310 1.453327 1.084435 106.397731
2311 1.453327 2.574435 104.397731
2312 1.453327 2.574435 103.397731
2313 1.453327 1.064435 104.397731
2314 1.513327 1.454435 104.397731
2315 1.513327 1.454435 103.397731
2316 1.513327 1.454435 106.397731
2317 1.513327 1.454435 102.397731
2318 1.513327 1.454435 107.397731
2319 1.513327 1.454435 100.397731
2320 1.513327 1.454435 109.397731
2321 1.513327 1.454435 98.397731
2322 1.513327 1.454435 112.397731
2323 1.513327 1.454435 96.397731
2324 1.513327 1.454435 115.397731
2325 1.513327 1.454435 94.397731
2326 1.513327 1.454435 118.397731
2327 1.513327 1.454435 92.397731
2328 1.513327 1.454435 121.397731
2329 1.513327 1.454435 89.397731
2330 1.513327 1.454435 125.397731
2331 1.513327 1.454435 86.397731
2332 1.513327 1.454435 129.397731
2333 1.513327 1.454435 83.397731
2334 1.513327 1.454435 133.397731
2335 1.513327 1.454435 80.397731
2336 1.513327 1.454435 137.397731
2337 1.513327 1.454435 76.397731
2338 1.513327 1.454435 141.397731
2339 1.513327 1.454435 72.397731
2340 1.513327 1.454435 146.397731
2341 1.513327 1.454435 68.397731
2342 1.513327 1.454435 151.397731
2343 1.513327 1.454435 64.397731
2344 1.513327 1.454435 156.397731
2345 1.513327 1.444435 104.397731
2346 1.513327 1.444435 103.397731
2347 1.513327 1.444435 106.397731
2348 1.513327 1.444435 102.397731
2349 1.513327 1.444435 107.397731
2350 1.513327 1.444435 100.397731
2351 1.513327 1.444435 109.397731
2352 1.513327 1.444435 98.397731
2353 1.513327 1.444435 112.397731
2354 1.513327 1.444435 96.397731
2355 1.513327 1.444435 115.397731
2356 1.513327 1.444435 94.397731
2357 1.513327 1.444435 118.397731
2358 1.513327 1.444435 92.397731
2359 1.513327 1.444435 121.397731
2360 1.513327 1.444435 89.397731
2361 1.513327 1.444435 125.397731
2362 1.513327 1.444435 86.397731
2363 1.513327 1.444435 129.397731
2364 1.513327 1.444435 83.397731
2365 1.513327 1.444435 133.397731
2366 1.513327 1.444435 80.397731
2367 1.513327 1.444435 137.397731
2368 1.513327 1.444435 76.397731
2369 1.513327 1.444435 141.397731
2370 1.513327 1.444435 72.397731
2371 1.513327 1.444435 146.397731
2372 1.513327 1.444435 68.397731
2373 1.513327 1.444435 151.397731
2374 1.513327 1.444435 64.397731
2375 1.513327 1.464435 104.397731
2376 1.513327 1.464435 103.397731
2377 1.513327 1.464435 106.397731
2378 1.513327 1.464435 102.397731
2379 1.513327 1.464435 107.397731
2380 1.513327 1.464435 100.397731
2381 1.513327 1.464435 109.397731
2382 1.513327 1.464435 98.397731
2383 1.513327 1.464435 112.397731
2384 1.513327 1.464435 96.397731
2385 1.513327 1.464435 115.397731
2386 1.513327 1.464435 94.397731
2387 1.513327 1.464435 118.397731
2388 1.513327 1.464435 92.397731
2389 1.513327 1.464435 121.397731
2390 1.513327 1.464435 89.397731
2391 1.513327 1.464435 125.397731
2392 1.513327 1.464435 86.397731
2393 1.513327 1.464435 129.397731
2394 1.513327 1.464435 83.397731
2395 1.513327 1.464435 133.397731
2396 1.513327 1.464435 80.397731
2397 1.513327 1.464435 137.397731
2398 1.513327 1.464435 76.397731
2399 1.513327 1.464435 141.397731
2400 1.513327 1.464435 72.397731
2401 1.513327 1.464435 146.397731
2402 1.513327 1.464435 68.397731
2403 1.513327 1.464435 151.397731
2404 1.513327 1.434435 104.397731
2405 1.513327 1.434435 103.397731
2406 1.513327 1.434435 106.397731
2407 1.513327 1.434435 102.397731
2408 1.513327 1.434435 107.397731
2409 1.513327 1.434435 100.397731
2410 1.513327 1.434435 109.397731
2411 1.513327 1.434435 98.397731
2412 1.513327 1.434435 112.397731
2413 1.513327 1.434435 96.397731
2414 1.513327 1.434435 115.397731
2415 1.513327 1.434435 94.397731
2416 1.513327 1.434435 118.397731
2417 1.513327 1.434435 92.397731
2418 1.513327 1.434435 121.397731
2419 1.513327 1.434435 89.397731
2420 1.513327 1.434435 125.397731
2421 1.513327 1.434435 86.397731
2422 1.513327 1.434435 129.397731
2423 1.513327 1.434435 83.397731
2424 1.513327 1.434435 133.397731
2425 1.513327 1.434435 80.397731
2426 1.513327 1.434435 137.397731
2427 1.513327 1.434435 76.397731
2428 1.513327 1.434435 141.397731
2429 1.513327 1.434435 72.397731
2430 1.513327 1.434435 146.397731
2431 1.513327 1.434435 68.397731
2432 1.513327 1.474435 104.397731
2433 1.513327 1.474435 103.397731
2434 1.513327 1.474435 106.397731
2435 1.513327 1.474435 102.397731
2436 1.513327 1.474435 107.397731
2437 1.513327 1.474435 100.397731
2438 1.513327 1.474435 109.397731
2439 1.513327 1.474435 98.397731
2440 1.513327 1.474435 112.397731
2441 1.513327 1.474435 96.397731
2442 1.513327 1.474435 115.397731
2443 1.513327 1.474435 94.397731
2444 1.513327 1.474435 118.397731
2445 1.513327 1.474435 92.397731
2446 1.513327 1.474435 121.397731
2447 1.513327 1.474435 89.397731
2448 1.513327 1.474435 125.397731
2449 1.513327 1.474435 86.397731
2450 1.513327 1.474435 129.397731
2451 1.513327 1.474435 83.397731
2452 1.513327 1.474435 133.397731
2453 1.513327 1.474435 80.397731
2454 1.513327 1.474435 137.397731
2455 1.513327 1.474435 76.397731
2456 1.513327 1.474435 141.397731
2457 1.513327 1.474435 72.397731
2458 1.513327 1.474435 146.397731
2459 1.513327 1.424435 104.397731
2460 1.513327 1.424435 103.397731
2461 1.513327 1.424435 106.397731
2462 1.513327 1.424435 102.397731
2463 1.513327 1.424435 107.397731
2464 1.513327 1.424435 100.397731
2465 1.513327 1.424435 109.397731
2466 1.513327 1.424435 98.397731
2467 1.513327 1.424435 112.397731
2468 1.513327 1.424435 96.397731
2469 1.513327 1.424435 115.397731
2470 1.513327 1.424435 94.397731
2471 1.513327 1.424435 118.397731
2472 1.513327 1.424435 92.397731
2473 1.513327 1.424435 121.397731
2474 1.513327 1.424435 89.397731
2475 1.513327 1.424435 125.397731
2476 1.513327 1.424435 86.397731
2477 1.513327 1.424435 129.397731
2478 1.513327 1.424435 83.397731
2479 1.513327 1.424435 133.397731
2480 1.513327 1.424435 80.397731
2481 1.513327 1.424435 137.397731
2482 1.513327 1.424435 76.397731
2483 1.513327 1.424435 141.397731
2484 1.513327 1.424435 72.397731
2485 1.513327 1.484435 104.397731
2486 1.513327 1.484435 103.397731
2487 1.513327 1.484435 106.397731
2488 1.513327 1.484435 102.397731
2489 1.513327 1.484435 107.397731
2490 1.513327 1.484435 100.397731
2491 1.513327 1.484435 109.397731
2492 1.513327 1.484435 98.397731
2493 1.513327 1.484435 112.397731
2494 1.513327 1.484435 96.397731
2495 1.513327 1.484435 115.397731
2496 1.513327 1.484435 94.397731
2497 1.513327 1.484435 118.397731
2498 1.513327 1.484435 92.397731
2499 1.513327 1.484435 121.397731
2500 1.513327 1.484435 89.397731
2501 1.513327 1.484435 125.397731
2502 1.513327 1.484435 86.397731
2503 1.513327 1.484435 129.397731
2504 1.513327 1.484435 83.397731
2505 1.513327 1.484435 133.397731
2506 1.513327 1.484435 80.397731
2507 1.513327 1.484435 137.397731
2508 1.513327 1.484435 76.397731
2509 1.513327 1.484435 141.397731
2510 1.513327 1.404435 104.397731
2511 1.513327 1.404435 103.397731
2512 1.513327 1.404435 106.397731
2513 1.513327 1.404435 102.397731
2514 1.513327 1.404435 107.397731
2515 1.513327 1.404435 100.397731
2516 1.513327 1.404435 109.397731
2517 1.513327 1.404435 98.397731
2518 1.513327 1.404435 112.397731
2519 1.513327 1.404435 96.397731
2520 1.513327 1.404435 115.397731
2521 1.513327 1.404435 94.397731
2522 1.513327 1.404435 118.397731
2523 1.513327 1.404435 92.397731
2524 1.513327 1.404435 121.397731
2525 1.513327 1.404435 89.397731
2526 1.513327 1.404435 125.397731
2527 1.513327 1.404435 86.397731
2528 1.513327 1.404435 129.397731
2529 1.513327 1.404435 83.397731
2530 1.513327 1.404435 133.397731
2531 1.513327 1.404435 80.397731
2532 1.513327 1.404435 137.397731
2533 1.513327 1.404435 76.397731
2534 1.513327 1.504435 104.397731
2535 1.513327 1.504435 103.397731
2536 1.513327 1.504435 106.397731
2537 1.513327 1.504435 102.397731
2538 1.513327 1.504435 107.397731
2539 1.513327 1.504435 100.397731
2540 1.513327 1.504435 109.397731
2541 1.513327 1.504435 98.397731
2542 1.513327 1.504435 112.397731
2543 1.513327 1.504435 96.397731
2544 1.513327 1.504435 115.397731
2545 1.513327 1.504435 94.397731
2546 1.513327 1.504435 118.397731
2547 1.513327 1.504435 92.397731
2548 1.513327 1.504435 121.397731
2549 1.513327 1.504435 89.397731
2550 1.513327 1.504435 125.397731
2551 1.513327 1.504435 86.397731
2552 1.513327 1.504435 129.397731
2553 1.513327 1.504435 83.397731
2554 1.513327 1.504435 133.397731
2555 1.513327 1.504435 80.397731
2556 1.513327 1.504435 137.397731
2557 1.513327 1.384435 104.397731
2558 1.513327 1.384435 103.397731
2559 1.513327 1.384435 106.397731
2560 1.513327 1.384435 102.397731
2561 1.513327 1.384435 107.397731
2562 1.513327 1.384435 100.397731
2563 1.513327 1.384435 109.397731
2564 1.513327 1.384435 98.397731
2565 1.513327 1.384435 112.397731
2566 1.513327 1.384435 96.397731
2567 1.513327 1.384435 115.397731
2568 1.513327 1.384435 94.397731
2569 1.513327 1.384435 118.397731
2570 1.513327 1.384435 92.397731
2571 1.513327 1.384435 121.397731
2572 1.513327 1.384435 89.397731
2573 1.513327 1.384435 125.397731
2574 1.513327 1.384435 86.397731
2575 1.513327 1.384435 129.397731
2576 1.513327 1.384435 83.397731
2577 1.513327 1.384435 133.397731
2578 1.513327 1.384435 80.397731
2579 1.513327 1.534435 104.397731
2580 1.513327 1.534435 103.397731
2581 1.513327 1.534435 106.397731
2582 1.513327 1.534435 102.397731
2583 1.513327 1.534435 107.397731
2584 1.513327 1.534435 100.397731
2585 1.513327 1.534435 109.397731
2586 1.513327 1.534435 98.397731
2587 1.513327 1.534435 112.397731
2588 1.513327 1.534435 96.397731
2589 1.513327 1.534435 115.397731
2590 1.513327 1.534435 94.397731
2591 1.513327 1.534435 118.397731
2592 1.513327 1.534435 92.397731
2593 1.513327 1.534435 121.397731
2594 1.513327 1.534435 89.397731
2595 1.513327 1.534435 125.397731
2596 1.513327 1.534435 86.397731
2597 1.513327 1.534435 129.397731
2598 1.513327 1.534435 83.397731
2599 1.513327 1.534435 133.397731
2600 1.513327 1.364435 104.397731
2601 1.513327 1.364435 103.397731
2602 1.513327 1.364435 106.397731
2603 1.513327 1.364435 102.397731
2604 1.513327 1.364435 107.397731
2605 1.513327 1.364435 100.397731
2606 1.513327 1.364435 109.397731
2607 1.513327 1.364435 98.397731
2608 1.513327 1.364435 112.397731
2609 1.513327 1.364435 96.397731
2610 1.513327 1.364435 115.397731
2611 1.513327 1.364435 94.397731
2612 1.513327 1.364435 118.397731
2613 1.513327 1.364435 92.397731
2614 1.513327 1.364435 121.397731
2615 1.513327 1.364435 89.397731
2616 1.513327 1.364435 125.397731
2617 1.513327 1.364435 86.397731
2618 1.513327 1.364435 129.397731
2619 1.513327 1.364435 83.397731
2620 1.513327 1.574435 104.397731
2621 1.513327 1.574435 103.397731
2622 1.513327 1.574435 106.397731
2623 1.513327 1.574435 102.397731
2624 1.513327 1.574435 107.397731
2625 1.513327 1.574435 100.397731
2626 1.513327 1.574435 109.397731
2627 1.513327 1.574435 98.397731
2628 1.513327 1.574435 112.397731
2629 1.513327 1.574435 96.397731
2630 1.513327 1.574435 115.397731
2631 1.513327 1.574435 94.397731
2632 1.513327 1.574435 118.397731
2633 1.513327 1.574435 92.397731
2634 1.513327 1.574435 121.397731
2635 1.513327 1.574435 89.397731
2636 1.513327 1.574435 125.397731
2637 1.513327 1.574435 86.397731
2638 1.513327 1.574435 129.397731
2639 1.513327 1.344435 104.397731
2640 1.513327 1.344435 103.397731
2641 1.513327 1.344435 106.397731
2642 1.513327 1.344435 102.397731
2643 1.513327 1.344435 107.397731
2644 1.513327 1.344435 100.397731
2645 1.513327 1.344435 109.397731
2646 1.513327 1.344435 98.397731
2647 1.513327 1.344435 112.397731
2648 1.513327 1.344435 96.397731
2649 1.513327 1.344435 115.397731
2650 1.513327 1.344435 94.397731
2651 1.513327 1.344435 118.397731
2652 1.513327 1.344435 92.397731
2653 1.513327 1.344435 121.397731
2654 1.513327 1.344435 89.397731
2655 1.513327 1.344435 125.397731
2656 1.513327 1.344435 86.397731
2657 1.513327 1.614435 104.397731
2658 1.513327 1.614435 103.397731
2659 1.513327 1.614435 106.397731
2660 1.513327 1.614435 102.397731
2661 1.513327 1.614435 107.397731
2662 1.513327 1.614435 100.397731
2663 1.513327 1.614435 109.397731
2664 1.513327 1.614435 98.397731
2665 1.513327 1.614435 112.397731
2666 1.513327 1.614435 96.397731
2667 1.513327 1.614435 115.397731
2668 1.513327 1.614435 94.397731
2669 1.513327 1.614435 118.397731
2670 1.513327 1.614435 92.397731
2671 1.513327 1.614435 121.397731
2672 1.513327 1.614435 89.397731
2673 1.513327 1.614435 125.397731
2674 1.513327 1.324435 104.397731
2675 1.513327 1.324435 103.397731
2676 1.513327 1.324435 106.397731
2677 1.513327 1.324435 102.397731
2678 1.513327 1.324435 107.397731
2679 1.513327 1.324435 100.397731
2680 1.513327 1.324435 109.397731
2681 1.513327 1.324435 98.397731
2682 1.513327 1.324435 112.397731
2683 1.513327 1.324435 96.397731
2684 1.513327 1.324435 115.397731
2685 1.513327 1.324435 94.397731
2686 1.513327 1.324435 118.397731
2687 1.513327 1.324435 92.397731
2688 1.513327 1.324435 121.397731
2689 1.513327 1.324435 89.397731
2690 1.513327 1.664435 104.397731
2691 1.513327 1.664435 103.397731
2692 1.513327 1.664435 106.397731
2693 1.513327 1.664435 102.397731
2694 1.513327 1.664435 107.397731
2695 1.513327 1.664435 100.397731
2696 1.513327 1.664435 109.397731
2697 1.513327 1.664435 98.397731
2698 1.513327 1.664435 112.397731
2699 1.513327 1.664435 96.397731
2700 1.513327 1.664435 115.397731
2701 1.513327 1.664435 94.397731
2702 1.513327 1.664435 118.397731
2703 1.513327 1.664435 92.397731
2704 1.513327 1.664435 121.397731
2705 1.513327 1.294435 104.397731
2706 1.513327 1.294435 103.397731
2707 1.513327 1.294435 106.397731
2708 1.513327 1.294435 102.397731
2709 1.513327 1.294435 107.397731
2710 1.513327 1.294435 100.397731
2711 1.513327 1.294435 109.397731
2712 1.513327 1.294435 98.397731
2713 1.513327 1.294435 112.397731
2714 1.513327 1.294435 96.397731
2715 1.513327 1.294435 115.397731
2716 1.513327 1.294435 94.397731
2717 1.513327 1.294435 118.397731
2718 1.513327 1.294435 92.397731
2719 1.513327 1.734435 104.397731
2720 1.513327 1.734435 103.397731
2721 1.513327 1.734435 106.397731
2722 1.513327 1.734435 102.397731
2723 1.513327 1.734435 107.397731
2724 1.513327 1.734435 100.397731
2725 1.513327 1.734435 109.397731
2726 1.513327 1.734435 98.397731
2727 1.513327 1.734435 112.397731
2728 1.513327 1.734435 96.397731
2729 1.513327 1.734435 115.397731
2730 1.513327 1.734435 94.397731
2731 1.513327 1.734435 118.397731
2732 1.513327 1.264435 104.397731
2733 1.513327 1.264435 103.397731
2734 1.513327 1.264435 106.397731
2735 1.513327 1.264435 102.397731
2736 1.513327 1.264435 107.397731
2737 1.513327 1.264435 100.397731
2738 1.513327 1.264435 109.397731
2739 1.513327 1.264435 98.397731
2740 1.513327 1.264435 112.397731
2741 1.513327 1.264435 96.397731
2742 1.513327 1.264435 115.397731
2743 1.513327 1.264435 94.397731
2744 1.513327 1.824435 104.397731
2745 1.513327 1.824435 103.397731
2746 1.513327 1.824435 106.397731
2747 1.513327 1.824435 102.397731
2748 1.513327 1.824435 107.397731
2749 1.513327 1.824435 100.397731
2750 1.513327 1.824435 109.397731
2751 1.513327 1.824435 98.397731
2752 1.513327 1.824435 112.397731
2753 1.513327 1.824435 96.397731
2754 1.513327 1.824435 115.397731
2755 1.513327 1.224435 104.397731
2756 1.513327 1.224435 103.397731
2757 1.513327 1.224435 106.397731
2758 1.513327 1.224435 102.397731
2759 1.513327 1.224435 107.397731
2760 1.513327 1.224435 100.397731
2761 1.513327 1.224435 109.397731
2762 1.513327 1.224435 98.397731
2763 1.513327 1.224435 112.397731
2764 1.513327 1.224435 96.397731
2765 1.513327 1.924435 104.397731
2766 1.513327 1.924435 103.397731
2767 1.513327 1.924435 106.397731
2768 1.513327 1.924435 102.397731
2769 1.513327 1.924435 107.397731
2770 1.513327 1.924435 100.397731
2771 1.513327 1.924435 109.397731
2772 1.513327 1.924435 98.397731
2773 1.513327 1.924435 112.397731
2774 1.513327 1.184435 104.397731
2775 1.513327 1.184435 103.397731
2776 1.513327 1.184435 106.397731
2777 1.513327 1.184435 102.397731
2778 1.513327 1.184435 107.397731
2779 1.513327 1.184435 100.397731
2780 1.513327 1.184435 109.397731
2781 1.513327 1.184435 98.397731
2782 1.513327 2.034435 104.397731
2783 1.513327 2.034435 103.397731
2784 1.513327 2.034435 106.397731
2785 1.513327 2.034435 102.397731
2786 1.513327 2.034435 107.397731
2787 1.513327 2.034435 100.397731
2788 1.513327 2.034435 109.397731
2789 1.513327 1.144435 104.397731
2790 1.513327 1.144435 103.397731
2791 1.513327 1.144435 106.397731
2792 1.513327 1.144435 102.397731
2793 1.513327 1.144435 107.397731
2794 1.513327 1.144435 100.397731
2795 1.513327 2.174435 104.397731
2796 1.513327 2.174435 103.397731
2797 1.513327 2.174435 106.397731
2798 1.513327 2.174435 102.397731
2799 1.513327 2.174435 107.397731
2800 1.513327 1.114435 104.397731
2801 1.513327 1.114435 103.397731
2802 1.513327 1.114435 106.397731
2803 1.513327 1.114435 102.397731
2804 1.513327 2.354435 104.397731
2805 1.513327 2.354435 103.397731
2806 1.513327 2.354435 106.397731
2807 1.513327 1.084435 104.397731
2808 1.513327 1.084435 103.397731
2809 1.513327 2.574435 104.397731
2810 1.443327 1.454435 104.397731
2811 1.443327 1.454435 103.397731
2812 1.443327 1.454435 106.397731
2813 1.443327 1.454435 102.397731
2814 1.443327 1.454435 107.397731
2815 1.443327 1.454435 100.397731
2816 1.443327 1.454435 109.397731
2817 1.443327 1.454435 98.397731
2818 1.443327 1.454435 112.397731
2819 1.443327 1.454435 96.397731
2820 1.443327 1.454435 115.397731
2821 1.443327 1.454435 94.397731
2822 1.443327 1.454435 118.397731
2823 1.443327 1.454435 92.397731
2824 1.443327 1.454435 121.397731
2825 1.443327 1.454435 89.397731
2826 1.443327 1.454435 125.397731
2827 1.443327 1.454435 86.397731
2828 1.443327 1.454435 129.397731
2829 1.443327 1.454435 83.397731
2830 1.443327 1.454435 133.397731
2831 1.443327 1.454435 80.397731
2832 1.443327 1.454435 137.397731
2833 1.443327 1.454435 76.397731
2834 1.443327 1.454435 141.397731
2835 1.443327 1.454435 72.397731
2836 1.443327 1.454435 146.397731
2837 1.443327 1.454435 68.397731
2838 1.443327 1.454435 151.397731
2839 1.443327 1.454435 64.397731
2840 1.443327 1.444435 104.397731
2841 1.443327 1.444435 103.397731
2842 1.443327 1.444435 106.397731
2843 1.443327 1.444435 102.397731
2844 1.443327 1.444435 107.397731
2845 1.443327 1.444435 100.397731
2846 1.443327 1.444435 109.397731
2847 1.443327 1.444435 98.397731
2848 1.443327 1.444435 112.397731
2849 1.443327 1.444435 96.397731
2850 1.443327 1.444435 115.397731
2851 1.443327 1.444435 94.397731
2852 1.443327 1.444435 118.397731
2853 1.443327 1.444435 92.397731
2854 1.443327 1.444435 121.397731
2855 1.443327 1.444435 89.397731
2856 1.443327 1.444435 125.397731
2857 1.443327 1.444435 86.397731
2858 1.443327 1.444435 129.397731
2859 1.443327 1.444435 83.397731
2860 1.443327 1.444435 133.397731
2861 1.443327 1.444435 80.397731
2862 1.443327 1.444435 137.397731
2863 1.443327 1.444435 76.397731
2864 1.443327 1.444435 141.397731
2865 1.443327 1.444435 72.397731
2866 1.443327 1.444435 146.397731
2867 1.443327 1.444435 68.397731
2868 1.443327 1.444435 151.397731
2869 1.443327 1.464435 104.397731
2870 1.443327 1.464435 103.397731
2871 1.443327 1.464435 106.397731
2872 1.443327 1.464435 102.397731
2873 1.443327 1.464435 107.397731
2874 1.443327 1.464435 100.397731
2875 1.443327 1.464435 109.397731
2876 1.443327 1.464435 98.397731
2877 1.443327 1.464435 112.397731
2878 1.443327 1.464435 96.397731
2879 1.443327 1.464435 115.397731
2880 1.443327 1.464435 94.397731
2881 1.443327 1.464435 118.397731
2882 1.443327 1.464435 92.397731
2883 1.443327 1.464435 121.397731
2884 1.443327 1.464435 89.397731
2885 1.443327 1.464435 125.397731
2886 1.443327 1.464435 86.397731
2887 1.443327 1.464435 129.397731
2888 1.443327 1.464435 83.397731
2889 1.443327 1.464435 133.397731
2890 1.443327 1.464435 80.397731
2891 1.443327 1.464435 137.397731
2892 1.443327 1.464435 76.397731
2893 1.443327 1.464435 141.397731
2894 1.443327 1.464435 72.397731
2895 1.443327 1.464435 146.397731
2896 1.443327 1.464435 68.397731
2897 1.443327 1.434435 104.397731
2898 1.443327 1.434435 103.397731
2899 1.443327 1.434435 106.397731
2900 1.443327 1.434435 102.397731
2901 1.443327 1.434435 107.397731
2902 1.443327 1.434435 100.397731
2903 1.443327 1.434435 109.397731
2904 1.443327 1.434435 98.397731
2905 1.443327 1.434435 112.397731
2906 1.443327 1.434435 96.397731
2907 1.443327 1.434435 115.397731
2908 1.443327 1.434435 94.397731
2909 1.443327 1.434435 118.397731
2910 1.443327 1.434435 92.397731
2911 1.443327 1.434435 121.397731
2912 1.443327 1.434435 89.397731
2913 1.443327 1.434435 125.397731
2914 1.443327 1.434435 86.397731
2915 1.443327 1.434435 129.397731
2916 1.443327 1.434435 83.397731
2917 1.443327 1.434435 133.397731
2918 1.443327 1.434435 80.397731
2919 1.443327 1.434435 137.397731
2920 1.443327 1.434435 76.397731
2921 1.443327 1.434435 141.397731
2922 1.443327 1.434435 72.397731
2923 1.443327 1.434435 146.397731
2924 1.443327 1.474435 104.397731
2925 1.443327 1.474435 103.397731
2926 1.443327 1.474435 106.397731
2927 1.443327 1.474435 102.397731
2928 1.443327 1.474435 107.397731
2929 1.443327 1.474435 100.397731
2930 1.443327 1.474435 109.397731
2931 1.443327 1.474435 98.397731
2932 1.443327 1.474435 112.397731
2933 1.443327 1.474435 96.397731
2934 1.443327 1.474435 115.397731
2935 1.443327 1.474435 94.397731
2936 1.443327 1.474435 118.397731
2937 1.443327 1.474435 92.397731
2938 1.443327 1.474435 121.397731
2939 1.443327 1.474435 89.397731
2940 1.443327 1.474435 125.397731
2941 1.443327 1.474435 86.397731
2942 1.443327 1.474435 129.397731
2943 1.443327 1.474435 83.397731
2944 1.443327 1.474435 133.397731
2945 1.443327 1.474435 80.397731
2946 1.443327 1.474435 137.397731
2947 1.443327 1.474435 76.397731
2948 1.443327 1.474435 141.397731
2949 1.443327 1.474435 72.397731
2950 1.443327 1.424435 104.397731
2951 1.443327 1.424435 103.397731
2952 1.443327 1.424435 106.397731
2953 1.443327 1.424435 102.397731
2954 1.443327 1.424435 107.397731
2955 1.443327 1.424435 100.397731
2956 1.443327 1.424435 109.397731
2957 1.443327 1.424435 98.397731
2958 1.443327 1.424435 112.397731
2959 1.443327 1.424435 96.397731
2960 1.443327 1.424435 115.397731
2961 1.443327 1.424435 94.397731
2962 1.443327 1.424435 118.397731
2963 1.443327 1.424435 92.397731
2964 1.443327 1.424435 121.397731
2965 1.443327 1.424435 89.397731
2966 1.443327 1.424435 125.397731
2967 1.443327 1.424435 86.397731
2968 1.443327 1.424435 129.397731
2969 1.443327 1.424435 83.397731
2970 1.443327 1.424435 133.397731
2971 1.443327 1.424435 80.397731
2972 1.443327 1.424435 137.397731
2973 1.443327 1.424435 76.397731
2974 1.443327 1.424435 141.397731
2975 1.443327 1.484435 104.397731
2976 1.443327 1.484435 103.397731
2977 1.443327 1.484435 106.397731
2978 1.443327 1.484435 102.397731
2979 1.443327 1.484435 107.397731
2980 1.443327 1.484435 100.397731
2981 1.443327 1.484435 109.397731
2982 1.443327 1.484435 98.397731
2983 1.443327 1.484435 112.397731
2984 1.443327 1.484435 96.397731
2985 1.443327 1.484435 115.397731
2986 1.443327 1.484435 94.397731
2987 1.443327 1.484435 118.397731
2988 1.443327 1.484435 92.397731
2989 1.443327 1.484435 121.397731
2990 1.443327 1.484435 89.397731
2991 1.443327 1.484435 125.397731
2992 1.443327 1.484435 86.397731
2993 1.443327 1.484435 129.397731
2994 1.443327 1.484435 83.397731
2995 1.443327 1.484435 133.397731
2996 1.443327 1.484435 80.397731
2997 1.443327 1.484435 137.397731
2998 1.443327 1.484435 76.397731
2999 1.443327 1.404435 104.397731
3000 1.443327 1.404435 103.397731
3001 1.443327 1.404435 106.397731
3002 1.443327 1.404435 102.397731
3003 1.443327 1.404435 107.397731
3004 1.443327 1.404435 100.397731
3005 1.443327 1.404435 109.397731
3006 1.443327 1.404435 98.397731
3007 1.443327 1.404435 112.397731
3008 1.443327 1.404435 96.397731
3009 1.443327 1.404435 115.397731
3010 1.443327 1.404435 94.397731
3011 1.443327 1.404435 118.397731
3012 1.443327 1.404435 92.397731
3013 1.443327 1.404435 121.397731
3014 1.443327 1.404435 89.397731
3015 1.443327 1.404435 125.397731
3016 1.443327 1.404435 86.397731
3017 1.443327 1.404435 129.397731
3018 1.443327 1.404435 83.397731
3019 1.443327 1.404435 133.397731
3020 1.443327 1.404435 80.397731
3021 1.443327 1.404435 137.397731
3022 1.443327 1.504435 104.397731
3023 1.443327 1.504435 103.397731
3024 1.443327 1.504435 106.397731
3025 1.443327 1.504435 102.397731
3026 1.443327 1.504435 107.397731
3027 1.443327 1.504435 100.397731
3028 1.443327 1.504435 109.397731
3029 1.443327 1.504435 98.397731
3030 1.443327 1.504435 112.397731
3031 1.443327 1.504435 96.397731
3032 1.443327 1.504435 115.397731
3033 1.443327 1.504435 94.397731
3034 1.443327 1.504435 118.397731
3035 1.443327 1.504435 92.397731
3036 1.443327 1.504435 121.397731
3037 1.443327 1.504435 89.397731
3038 1.443327 1.504435 125.397731
3039 1.443327 1.504435 86.397731
3040 1.443327 1.504435 129.397731
3041 1.443327 1.504435 83.397731
3042 1.443327 1.504435 133.397731
3043 1.443327 1.504435 80.397731
3044 1.443327 1.384435 104.397731
3045 1.443327 1.384435 103.397731
3046 1.443327 1.384435 106.397731
3047 1.443327 1.384435 102.397731
3048 1.443327 1.384435 107.397731
3049 1.443327 1.384435 100.397731
3050 1.443327 1.384435 109.397731
3051 1.443327 1.384435 98.397731
3052 1.443327 1.384435 112.397731
3053 1.443327 1.384435 96.397731
3054 1.443327 1.384435 115.397731
3055 1.443327 1.384435 94.397731
3056 1.443327 1.384435 118.397731
3057 1.443327 1.384435 92.397731
3058 1.443327 1.384435 121.397731
3059 1.443327 1.384435 89.397731
3060 1.443327 1.384435 125.397731
3061 1.443327 1.384435 86.397731
3062 1.443327 1.384435 129.397731
3063 1.443327 1.384435 83.397731
3064 1.443327 1.384435 133.397731
3065 1.443327 1.534435 104.397731
3066 1.443327 1.534435 103.397731
3067 1.443327 1.534435 106.397731
3068 1.443327 1.534435 102.397731
3069 1.443327 1.534435 107.397731
3070 1.443327 1.534435 100.397731
3071 1.443327 1.534435 109.397731
3072 1.443327 1.534435 98.397731
3073 1.443327 1.534435 112.397731
3074 1.443327 1.534435 96.397731
3075 1.443327 1.534435 115.397731
3076 1.443327 1.534435 94.397731
3077 1.443327 1.534435 118.397731
3078 1.443327 1.534435 92.397731
3079 1.443327 1.534435 121.397731
3080 1.443327 1.534435 89.397731
3081 1.443327 1.534435 125.397731
3082 1.443327 1.534435 86.397731
3083 1.443327 1.534435 129.397731
3084 1.443327 1.534435 83.397731
3085 1.443327 1.364435 104.397731
3086 1.443327 1.364435 103.397731
3087 1.443327 1.364435 106.397731
3088 1.443327 1.364435 102.397731
3089 1.443327 1.364435 107.397731
3090 1.443327 1.364435 100.397731
3091 1.443327 1.364435 109.397731
3092 1.443327 1.364435 98.397731
3093 1.443327 1.364435 112.397731
3094 1.443327 1.364435 96.397731
3095 1.443327 1.364435 115.397731
3096 1.443327 1.364435 94.397731
3097 1.443327 1.364435 118.397731
3098 1.443327 1.364435 92.397731
3099 1.443327 1.364435 121.397731
3100 1.443327 1.364435 89.397731
3101 1.443327 1.364435 125.397731
3102 1.443327 1.364435 86.397731
3103 1.443327 1.364435 129.397731
3104 1.443327 1.574435 104.397731
3105 1.443327 1.574435 103.397731
3106 1.443327 1.574435 106.397731
3107 1.443327 1.574435 102.397731
3108 1.443327 1.574435 107.397731
3109 1.443327 1.574435 100.397731
3110 1.443327 1.574435 109.397731
3111 1.443327 1.574435 98.397731
3112 1.443327 1.574435 112.397731
3113 1.443327 1.574435 96.397731
3114 1.443327 1.574435 115.397731
3115 1.443327 1.574435 94.397731
3116 1.443327 1.574435 118.397731
3117 1.443327 1.574435 92.397731
3118 1.443327 1.574435 121.397731
3119 1.443327 1.574435 89.397731
3120 1.443327 1.574435 125.397731
3121 1.443327 1.574435 86.397731
3122 1.443327 1.344435 104.397731
3123 1.443327 1.344435 103.397731
3124 1.443327 1.344435 106.397731
3125 1.443327 1.344435 102.397731
3126 1.443327 1.344435 107.397731
3127 1.443327 1.344435 100.397731
3128 1.443327 1.344435 109.397731
3129 1.443327 1.344435 98.397731
3130 1.443327 1.344435 112.397731
3131 1.443327 1.344435 96.397731
3132 1.443327 1.344435 115.397731
3133 1.443327 1.344435 94.397731
3134 1.443327 1.344435 118.397731
3135 1.443327 1.344435 92.397731
3136 1.443327 1.344435 121.397731
3137 1.443327 1.344435 89.397731
3138 1.443327 1.344435 125.397731
3139 1.443327 1.614435 104.397731
3140 1.443327 1.614435 103.397731
3141 1.443327 1.614435 106.397731
3142 1.443327 1.614435 102.397731
3143 1.443327 1.614435 107.397731
3144 1.443327 1.614435 100.397731
3145 1.443327 1.614435 109.397731
3146 1.443327 1.614435 98.397731
3147 1.443327 1.614435 112.397731
3148 1.443327 1.614435 96.397731
3149 1.443327 1.614435 115.397731
3150 1.443327 1.614435 94.397731
3151 1.443327 1.614435 118.397731
3152 1.443327 1.614435 92.397731
3153 1.443327 1.614435 121.397731
3154 1.443327 1.614435 89.397731
3155 1.443327 1.324435 104.397731
3156 1.443327 1.324435 103.397731
3157 1.443327 1.324435 106.397731
3158 1.443327 1.324435 102.397731
3159 1.443327 1.324435 107.397731
3160 1.443327 1.324435 100.397731
3161 1.443327 1.324435 109.397731
3162 1.443327 1.324435 98.397731
3163 1.443327 1.324435 112.397731
3164 1.443327 1.324435 96.397731
3165 1.443327 1.324435 115.397731
3166 1.443327 1.324435 94.397731
3167 1.443327 1.324435 118.397731
3168 1.443327 1.324435 92.397731
3169 1.443327 1.324435 121.397731
3170 1.443327 1.664435 104.397731
3171 1.443327 1.664435 103.397731
3172 1.443327 1.664435 106.397731
3173 1.443327 1.664435 102.397731
3174 1.443327 1.664435 107.397731
3175 1.443327 1.664435 100.397731
3176 1.443327 1.664435 109.397731
3177 1.443327 1.664435 98.397731
3178 1.443327 1.664435 112.397731
3179 1.443327 1.664435 96.397731
3180 1.443327 1.664435 115.397731
3181 1.443327 1.664435 94.397731
3182 1.443327 1.664435 118.397731
3183 1.443327 1.664435 92.397731
3184 1.443327 1.294435 104.397731
3185 1.443327 1.294435 103.397731
3186 1.443327 1.294435 106.397731
3187 1.443327 1.294435 102.397731
3188 1.443327 1.294435 107.397731
3189 1.443327 1.294435 100.397731
3190 1.443327 1.294435 109.397731
3191 1.443327 1.294435 98.397731
3192 1.443327 1.294435 112.397731
3193 1.443327 1.294435 96.397731
3194 1.443327 1.294435 115.397731
3195 1.443327 1.294435 94.397731
3196 1.443327 1.294435 118.397731
3197 1.443327 1.734435 104.397731
3198 1.443327 1.734435 103.397731
3199 1.443327 1.734435 106.397731
3200 1.443327 1.734435 102.397731
3201 1.443327 1.734435 107.397731
3202 1.443327 1.734435 100.397731
3203 1.443327 1.734435 109.397731
3204 1.443327 1.734435 98.397731
3205 1.443327 1.734435 112.397731
3206 1.443327 1.734435 96.397731
3207 1.443327 1.734435 115.397731
3208 1.443327 1.734435 94.397731
3209 1.443327 1.264435 104.397731
3210 1.443327 1.264435 103.397731
3211 1.443327 1.264435 106.397731
3212 1.443327 1.264435 102.397731
3213 1.443327 1.264435 107.397731
3214 1.443327 1.264435 100.397731
3215 1.443327 1.264435 109.397731
3216 1.443327 1.264435 98.397731
3217 1.443327 1.264435 112.397731
3218 1.443327 1.264435 96.397731
3219 1.443327 1.264435 115.397731
3220 1.443327 1.824435 104.397731
3221 1.443327 1.824435 103.397731
3222 1.443327 1.824435 106.397731
3223 1.443327 1.824435 102.397731
3224 1.443327 1.824435 107.397731
3225 1.443327 1.824435 100.397731
3226 1.443327 1.824435 109.397731
3227 1.443327 1.824435 98.397731
3228 1.443327 1.824435 112.397731
3229 1.443327 1.824435 96.397731
3230 1.443327 1.224435 104.397731
3231 1.443327 1.224435 103.397731
3232 1.443327 1.224435 106.397731
3233 1.443327 1.224435 102.397731
3234 1.443327 1.224435 107.397731
3235 1.443327 1.224435 100.397731
3236 1.443327 1.224435 109.397731
3237 1.443327 1.224435 98.397731
3238 1.443327 1.224435 112.397731
3239 1.443327 1.924435 104.397731
3240 1.443327 1.924435 103.397731
3241 1.443327 1.924435 106.397731
3242 1.443327 1.924435 102.397731
3243 1.443327 1.924435 107.397731
3244 1.443327 1.924435 100.397731
3245 1.443327 1.924435 109.397731
3246 1.443327 1.924435 98.397731
3247 1.443327 1.184435 104.397731
3248 1.443327 1.184435 103.397731
3249 1.443327 1.184435 106.397731
3250 1.443327 1.184435 102.397731
3251 1.443327 1.184435 107.397731
3252 1.443327 1.184435 100.397731
3253 1.443327 1.184435 109.397731
3254 1.443327 2.034435 104.397731
3255 1.443327 2.034435 103.397731
3256 1.443327 2.034435 106.397731
3257 1.443327 2.034435 102.397731
3258 1.443327 2.034435 107.397731
3259 1.443327 2.034435 100.397731
3260 1.443327 1.144435 104.397731
3261 1.443327 1.144435 103.397731
3262 1.443327 1.144435 106.397731
3263 1.443327 1.144435 102.397731
3264 1.443327 1.144435 107.397731
3265 1.443327 2.174435 104.397731
3266 1.443327 2.174435 103.397731
3267 1.443327 2.174435 106.397731
3268 1.443327 2.174435 102.397731
3269 1.443327 1.114435 104.397731
3270 1.443327 1.114435 103.397731
3271 1.443327 1.114435 106.397731
3272 1.443327 2.354435 104.397731
3273 1.443327 2.354435 103.397731
3274 1.443327 1.084435 104.397731
3275 1.523327 1.454435 104.397731
3276 1.523327 1.454435 103.397731
3277 1.523327 1.454435 106.397731
3278 1.523327 1.454435 102.397731
3279 1.523327 1.454435 107.397731
3280 1.523327 1.454435 100.397731
3281 1.523327 1.454435 109.397731
3282 1.523327 1.454435 98.397731
3283 1.523327 1.454435 112.397731
3284 1.523327 1.454435 96.397731
3285 1.523327 1.454435 115.397731
3286 1.523327 1.454435 94.397731
3287 1.523327 1.454435 118.397731
3288 1.523327 1.454435 92.397731
3289 1.523327 1.454435 121.397731
3290 1.523327 1.454435 89.397731
3291 1.523327 1.454435 125.397731
3292 1.523327 1.454435 86.397731
3293 1.523327 1.454435 129.397731
3294 1.523327 1.454435 83.397731
3295 1.523327 1.454435 133.397731
3296 1.523327 1.454435 80.397731
3297 1.523327 1.454435 137.397731
3298 1.523327 1.454435 76.397731
3299 1.523327 1.454435 141.397731
3300 1.523327 1.454435 72.397731
3301 1.523327 1.454435 146.397731
3302 1.523327 1.454435 68.397731
3303 1.523327 1.454435 151.397731
3304 1.523327 1.444435 104.397731
3305 1.523327 1.444435 103.397731
3306 1.523327 1.444435 106.397731
3307 1.523327 1.444435 102.397731
3308 1.523327 1.444435 107.397731
3309 1.523327 1.444435 100.397731
3310 1.523327 1.444435 109.397731
3311 1.523327 1.444435 98.397731
3312 1.523327 1.444435 112.397731
3313 1.523327 1.444435 96.397731
3314 1.523327 1.444435 115.397731
3315 1.523327 1.444435 94.397731
3316 1.523327 1.444435 118.397731
3317 1.523327 1.444435 92.397731
3318 1.523327 1.444435 121.397731
3319 1.523327 1.444435 89.397731
3320 1.523327 1.444435 125.397731
3321 1.523327 1.444435 86.397731
3322 1.523327 1.444435 129.397731
3323 1.523327 1.444435 83.397731
3324 1.523327 1.444435 133.397731
3325 1.523327 1.444435 80.397731
3326 1.523327 1.444435 137.397731
3327 1.523327 1.444435 76.397731
3328 1.523327 1.444435 141.397731
3329 1.523327 1.444435 72.397731
3330 1.523327 1.444435 146.397731
3331 1.523327 1.444435 68.397731
3332 1.523327 1.464435 104.397731
3333 1.523327 1.464435 103.397731
3334 1.523327 1.464435 106.397731
3335 1.523327 1.464435 102.397731
3336 1.523327 1.464435 107.397731
3337 1.523327 1.464435 100.397731
3338 1.523327 1.464435 109.397731
3339 1.523327 1.464435 98.397731
3340 1.523327 1.464435 112.397731
3341 1.523327 1.464435 96.397731
3342 1.523327 1.464435 115.397731
3343 1.523327 1.464435 94.397731
3344 1.523327 1.464435 118.397731
3345 1.523327 1.464435 92.397731
3346 1.523327 1.464435 121.397731
3347 1.523327 1.464435 89.397731
3348 1.523327 1.464435 125.397731
3349 1.523327 1.464435 86.397731
3350 1.523327 1.464435 129.397731
3351 1.523327 1.464435 83.397731
3352 1.523327 1.464435 133.397731
3353 1.523327 1.464435 80.397731
3354 1.523327 1.464435 137.397731
3355 1.523327 1.464435 76.397731
3356 1.523327 1.464435 141.397731
3357 1.523327 1.464435 72.397731
3358 1.523327 1.464435 146.397731
3359 1.523327 1.434435 104.397731
3360 1.523327 1.434435 103.397731
3361 1.523327 1.434435 106.397731
3362 1.523327 1.434435 102.397731
3363 1.523327 1.434435 107.397731
3364 1.523327 1.434435 100.397731
3365 1.523327 1.434435 109.397731
3366 1.523327 1.434435 98.397731
3367 1.523327 1.434435 112.397731
3368 1.523327 1.434435 96.397731
3369 1.523327 1.434435 115.397731
3370 1.523327 1.434435 94.397731
3371 1.523327 1.434435 118.397731
3372 1.523327 1.434435 92.397731
3373 1.523327 1.434435 121.397731
3374 1.523327 1.434435 89.397731
3375 1.523327 1.434435 125.397731
3376 1.523327 1.434435 86.397731
3377 1.523327 1.434435 129.397731
3378 1.523327 1.434435 83.397731
3379 1.523327 1.434435 133.397731
3380 1.523327 1.434435 80.397731
3381 1.523327 1.434435 137.397731
3382 1.523327 1.434435 76.397731
3383 1.523327 1.434435 141.397731
3384 1.523327 1.434435 72.397731
3385 1.523327 1.474435 104.397731
3386 1.523327 1.474435 103.397731
3387 1.523327 1.474435 106.397731
3388 1.523327 1.474435 102.397731
3389 1.523327 1.474435 107.397731
3390 1.523327 1.474435 100.397731
3391 1.523327 1.474435 109.397731
3392 1.523327 1.474435 98.397731
3393 1.523327 1.474435 112.397731
3394 1.523327 1.474435 96.397731
3395 1.523327 1.474435 115.397731
3396 1.523327 1.474435 94.397731
3397 1.523327 1.474435 118.397731
3398 1.523327 1.474435 92.397731
3399 1.523327 1.474435 121.397731
3400 1.523327 1.474435 89.397731
3401 1.523327 1.474435 125.397731
3402 1.523327 1.474435 86.397731
3403 1.523327 1.474435 129.397731
3404 1.523327 1.474435 83.397731
3405 1.523327 1.474435 133.397731
3406 1.523327 1.474435 80.397731
3407 1.523327 1.474435 137.397731
3408 1.523327 1.474435 76.397731
3409 1.523327 1.474435 141.397731
3410 1.523327 1.424435 104.397731
3411 1.523327 1.424435 103.397731
3412 1.523327 1.424435 106.397731
3413 1.523327 1.424435 102.397731
3414 1.523327 1.424435 107.397731
3415 1.523327 1.424435 100.397731
3416 1.523327 1.424435 109.397731
3417 1.523327 1.424435 98.397731
3418 1.523327 1.424435 112.397731
3419 1.523327 1.424435 96.397731
3420 1.523327 1.424435 115.397731
3421 1.523327 1.424435 94.397731
3422 1.523327 1.424435 118.397731
3423 1.523327 1.424435 92.397731
3424 1.523327 1.424435 121.397731
3425 1.523327 1.424435 89.397731
3426 1.523327 1.424435 125.397731
3427 1.523327 1.424435 86.397731
3428 1.523327 1.424435 129.397731
3429 1.523327 1.424435 83.397731
3430 1.523327 1.424435 133.397731
3431 1.523327 1.424435 80.397731
3432 1.523327 1.424435 137.397731
3433 1.523327 1.424435 76.397731
3434 1.523327 1.484435 104.397731
3435 1.523327 1.484435 103.397731
3436 1.523327 1.484435 106.397731
3437 1.523327 1.484435 102.397731
3438 1.523327 1.484435 107.397731
3439 1.523327 1.484435 100.397731
3440 1.523327 1.484435 109.397731
3441 1.523327 1.484435 98.397731
3442 1.523327 1.484435 112.397731
3443 1.523327 1.484435 96.397731
3444 1.523327 1.484435 115.397731
3445 1.523327 1.484435 94.397731
3446 1.523327 1.484435 118.397731
3447 1.523327 1.484435 92.397731
3448 1.523327 1.484435 121.397731
3449 1.523327 1.484435 89.397731
3450 1.523327 1.484435 125.397731
3451 1.523327 1.484435 86.397731
3452 1.523327 1.484435 129.397731
3453 1.523327 1.484435 83.397731
3454 1.523327 1.484435 133.397731
3455 1.523327 1.484435 80.397731
3456 1.523327 1.484435 137.397731
3457 1.523327 1.404435 104.397731
3458 1.523327 1.404435 103.397731
3459 1.523327 1.404435 106.397731
3460 1.523327 1.404435 102.397731
3461 1.523327 1.404435 107.397731
3462 1.523327 1.404435 100.397731
3463 1.523327 1.404435 109.397731
3464 1.523327 1.404435 98.397731
3465 1.523327 1.404435 112.397731
3466 1.523327 1.404435 96.397731
3467 1.523327 1.404435 115.397731
3468 1.523327 1.404435 94.397731
3469 1.523327 1.404435 118.397731
3470 1.523327 1.404435 92.397731
3471 1.523327 1.404435 121.397731
3472 1.523327 1.404435 89.397731
3473 1.523327 1.404435 125.397731
3474 1.523327 1.404435 86.397731
3475 1.523327 1.404435 129.397731
3476 1.523327 1.404435 83.397731
3477 1.523327 1.404435 133.397731
3478 1.523327 1.404435 80.397731
3479 1.523327 1.504435 104.397731
3480 1.523327 1.504435 103.397731
3481 1.523327 1.504435 106.397731
3482 1.523327 1.504435 102.397731
3483 1.523327 1.504435 107.397731
3484 1.523327 1.504435 100.397731
3485 1.523327 1.504435 109.397731
3486 1.523327 1.504435 98.397731
3487 1.523327 1.504435 112.397731
3488 1.523327 1.504435 96.397731
3489 1.523327 1.504435 115.397731
3490 1.523327 1.504435 94.397731
3491 1.523327 1.504435 118.397731
3492 1.523327 1.504435 92.397731
3493 1.523327 1.504435 121.397731
3494 1.523327 1.504435 89.397731
3495 1.523327 1.504435 125.397731
3496 1.523327 1.504435 86.397731
3497 1.523327 1.504435 129.397731
3498 1.523327 1.504435 83.397731
3499 1.523327 1.504435 133.397731
3500 1.523327 1.384435 104.397731
3501 1.523327 1.384435 103.397731
3502 1.523327 1.384435 106.397731
3503 1.523327 1.384435 102.397731
3504 1.523327 1.384435 107.397731
3505 1.523327 1.384435 100.397731
3506 1.523327 1.384435 109.397731
3507 1.523327 1.384435 98.397731
3508 1.523327 1.384435 112.397731
3509 1.523327 1.384435 96.397731
3510 1.523327 1.384435 115.397731
3511 1.523327 1.384435 94.397731
3512 1.523327 1.384435 118.397731
3513 1.523327 1.384435 92.397731
3514 1.523327 1.384435 121.397731
3515 1.523327 1.384435 89.397731
3516 1.523327 1.384435 125.397731
3517 1.523327 1.384435 86.397731
3518 1.523327 1.384435 129.397731
3519 1.523327 1.384435 83.397731
3520 1.523327 1.534435 104.397731
3521 1.523327 1.534435 103.397731
3522 1.523327 1.534435 106.397731
3523 1.523327 1.534435 102.397731
3524 1.523327 1.534435 107.397731
3525 1.523327 1.534435 100.397731
3526 1.523327 1.534435 109.397731
3527 1.523327 1.534435 98.397731
3528 1.523327 1.534435 112.397731
3529 1.523327 1.534435 96.397731
3530 1.523327 1.534435 115.397731
3531 1.523327 1.534435 94.397731
3532 1.523327 1.534435 118.397731
3533 1.523327 1.534435 92.397731
3534 1.523327 1.534435 121.397731
3535 1.523327 1.534435 89.397731
3536 1.523327 1.534435 125.397731
3537 1.523327 1.534435 86.397731
3538 1.523327 1.534435 129.397731
3539 1.523327 1.364435 104.397731
3540 1.523327 1.364435 103.397731
3541 1.523327 1.364435 106.397731
3542 1.523327 1.364435 102.397731
3543 1.523327 1.364435 107.397731
3544 1.523327 1.364435 100.397731
3545 1.523327 1.364435 109.397731
3546 1.523327 1.364435 98.397731
3547 1.523327 1.364435 112.397731
3548 1.523327 1.364435 96.397731
3549 1.523327 1.364435 115.397731
3550 1.523327 1.364435 94.397731
3551 1.523327 1.364435 118.397731
3552 1.523327 1.364435 92.397731
3553 1.523327 1.364435 121.397731
3554 1.523327 1.364435 89.397731
3555 1.523327 1.364435 125.397731
3556 1.523327 1.364435 86.397731
3557 1.523327 1.574435 104.397731
3558 1.523327 1.574435 103.397731
3559 1.523327 1.574435 106.397731
3560 1.523327 1.574435 102.397731
3561 1.523327 1.574435 107.397731
3562 1.523327 1.574435 100.397731
3563 1.523327 1.574435 109.397731
3564 1.523327 1.574435 98.397731
3565 1.523327 1.574435 112.397731
3566 1.523327 1.574435 96.397731
3567 1.523327 1.574435 115.397731
3568 1.523327 1.574435 94.397731
3569 1.523327 1.574435 118.397731
3570 1.523327 1.574435 92.397731
3571 1.523327 1.574435 121.397731
3572 1.523327 1.574435 89.397731
3573 1.523327 1.574435 125.397731
3574 1.523327 1.344435 104.397731
3575 1.523327 1.344435 103.397731
3576 1.523327 1.344435 106.397731
3577 1.523327 1.344435 102.397731
3578 1.523327 1.344435 107.397731
3579 1.523327 1.344435 100.397731
3580 1.523327 1.344435 109.397731
3581 1.523327 1.344435 98.397731
3582 1.523327 1.344435 112.397731
3583 1.523327 1.344435 96.397731
3584 1.523327 1.344435 115.397731
3585 1.523327 1.344435 94.397731
3586 1.523327 1.344435 118.397731
3587 1.523327 1.344435 92.397731
3588 1.523327 1.344435 121.397731
3589 1.523327 1.344435 89.397731
3590 1.523327 1.614435 104.397731
3591 1.523327 1.614435 103.397731
3592 1.523327 1.614435 106.397731
3593 1.523327 1.614435 102.397731
3594 1.523327 1.614435 107.397731
3595 1.523327 1.614435 100.397731
3596 1.523327 1.614435 109.397731
3597 1.523327 1.614435 98.397731
3598 1.523327 1.614435 112.397731
3599 1.523327 1.614435 96.397731
3600 1.523327 1.614435 115.397731
3601 1.523327 1.614435 94.397731
3602 1.523327 1.614435 118.397731
3603 1.523327 1.614435 92.397731
3604 1.523327 1.614435 121.397731
3605 1.523327 1.324435 104.397731
3606 1.523327 1.324435 103.397731
3607 1.523327 1.324435 106.397731
3608 1.523327 1.324435 102.397731
3609 1.523327 1.324435 107.397731
3610 1.523327 1.324435 100.397731
3611 1.523327 1.324435 109.397731
3612 1.523327 1.324435 98.397731
3613 1.523327 1.324435 112.397731
3614 1.523327 1.324435 96.397731
3615 1.523327 1.324435 115.397731
3616 1.523327 1.324435 94.397731
3617 1.523327 1.324435 118.397731
3618 1.523327 1.324435 92.397731
3619 1.523327 1.664435 104.397731
3620 1.523327 1.664435 103.397731
3621 1.523327 1.664435 106.397731
3622 1.523327 1.664435 102.397731
3623 1.523327 1.664435 107.397731
3624 1.523327 1.664435 100.397731
3625 1.523327 1.664435 109.397731
3626 1.523327 1.664435 98.397731
3627 1.523327 1.664435 112.397731
3628 1.523327 1.664435 96.397731
3629 1.523327 1.664435 115.397731
3630 1.523327 1.664435 94.397731
3631 1.523327 1.664435 118.397731
3632 1.523327 1.294435 104.397731
3633 1.523327 1.294435 103.397731
3634 1.523327 1.294435 106.397731
3635 1.523327 1.294435 102.397731
3636 1.523327 1.294435 107.397731
3637 1.523327 1.294435 100.397731
3638 1.523327 1.294435 109.397731
3639 1.523327 1.294435 98.397731
3640 1.523327 1.294435 112.397731
3641 1.523327 1.294435 96.397731
3642 1.523327 1.294435 115.397731
3643 1.523327 1.294435 94.397731
3644 1.523327 1.734435 104.397731
3645 1.523327 1.734435 103.397731
3646 1.523327 1.734435 106.397731
3647 1.523327 1.734435 102.397731
3648 1.523327 1.734435 107.397731
3649 1.523327 1.734435 100.397731
3650 1.523327 1.734435 109.397731
3651 1.523327 1.734435 98.397731
3652 1.523327 1.734435 112.397731
3653 1.523327 1.734435 96.397731
3654 1.523327 1.734435 115.397731
3655 1.523327 1.264435 104.397731
3656 1.523327 1.264435 103.397731
3657 1.523327 1.264435 106.397731
3658 1.523327 1.264435 102.397731
3659 1.523327 1.264435 107.397731
3660 1.523327 1.264435 100.397731
3661 1.523327 1.264435 109.397731
3662 1.523327 1.264435 98.397731
3663 1.523327 1.264435 112.397731
3664 1.523327 1.264435 96.397731
3665 1.523327 1.824435 104.397731
3666 1.523327 1.824435 103.397731
3667 1.523327 1.824435 106.397731
3668 1.523327 1.824435 102.397731
3669 1.523327 1.824435 107.397731
3670 1.523327 1.824435 100.397731
3671 1.523327 1.824435 109.397731
3672 1.523327 1.824435 98.397731
3673 1.523327 1.824435 112.397731
3674 1.523327 1.224435 104.397731
3675 1.523327 1.224435 103.397731
3676 1.523327 1.224435 106.397731
3677 1.523327 1.224435 102.397731
3678 1.523327 1.224435 107.397731
3679 1.523327 1.224435 100.397731
3680 1.523327 1.224435 109.397731
3681 1.523327 1.224435 98.397731
3682 1.523327 1.924435 104.397731
3683 1.523327 1.924435 103.397731
3684 1.523327 1.924435 106.397731
3685 1.523327 1.924435 102.397731
3686 1.523327 1.924435 107.397731
3687 1.523327 1.924435 100.397731
3688 1.523327 1.924435 109.397731
3689 1.523327 1.184435 104.397731
3690 1.523327 1.184435 103.397731
3691 1.523327 1.184435 106.397731
3692 1.523327 1.184435 102.397731
3693 1.523327 1.184435 107.397731
3694 1.523327 1.184435 100.397731
3695 1.523327 2.034435 104.397731
3696 1.523327 2.034435 103.397731
3697 1.523327 2.034435 106.397731
3698 1.523327 2.034435 102.397731
3699 1.523327 2.034435 107.397731
3700 1.523327 1.144435 104.397731
3701 1.523327 1.144435 103.397731
3702 1.523327 1.144435 106.397731
3703 1.523327 1.144435 102.397731
3704 1.523327 2.174435 104.397731
3705 1.523327 2.174435 103.397731
3706 1.523327 2.174435 106.397731
3707 1.523327 1.114435 104.397731
3708 1.523327 1.114435 103.397731
3709 1.523327 2.354435 104.397731
3710 1.433327 1.454435 104.397731
3711 1.433327 1.454435 103.397731
3712 1.433327 1.454435 106.397731
3713 1.433327 1.454435 102.397731
3714 1.433327 1.454435 107.397731
3715 1.433327 1.454435 100.397731
3716 1.433327 1.454435 109.397731
3717 1.433327 1.454435 98.397731
3718 1.433327 1.454435 112.397731
3719 1.433327 1.454435 96.397731
3720 1.433327 1.454435 115.397731
3721 1.433327 1.454435 94.397731
3722 1.433327 1.454435 118.397731
3723 1.433327 1.454435 92.397731
3724 1.433327 1.454435 121.397731
3725 1.433327 1.454435 89.397731
3726 1.433327 1.454435 125.397731
3727 1.433327 1.454435 86.397731
3728 1.433327 1.454435 129.397731
3729 1.433327 1.454435 83.397731
3730 1.433327 1.454435 133.397731
3731 1.433327 1.454435 80.397731
3732 1.433327 1.454435 137.397731
3733 1.433327 1.454435 76.397731
3734 1.433327 1.454435 141.397731
3735 1.433327 1.454435 72.397731
3736 1.433327 1.454435 146.397731
3737 1.433327 1.454435 68.397731
3738 1.433327 1.444435 104.397731
3739 1.433327 1.444435 103.397731
3740 1.433327 1.444435 106.397731
3741 1.433327 1.444435 102.397731
3742 1.433327 1.444435 107.397731
3743 1.433327 1.444435 100.397731
3744 1.433327 1.444435 109.397731
3745 1.433327 1.444435 98.397731
3746 1.433327 1.444435 112.397731
3747 1.433327 1.444435 96.397731
3748 1.433327 1.444435 115.397731
3749 1.433327 1.444435 94.397731
3750 1.433327 1.444435 118.397731
3751 1.433327 1.444435 92.397731
3752 1.433327 1.444435 121.397731
3753 1.433327 1.444435 89.397731
3754 1.433327 1.444435 125.397731
3755 1.433327 1.444435 86.397731
3756 1.433327 1.444435 129.397731
3757 1.433327 1.444435 83.397731
3758 1.433327 1.444435 133.397731
3759 1.433327 1.444435 80.397731
3760 1.433327 1.444435 137.397731
3761 1.433327 1.444435 76.397731
3762 1.433327 1.444435 141.397731
3763 1.433327 1.444435 72.397731
3764 1.433327 1.444435 146.397731
3765 1.433327 1.464435 104.397731
3766 1.433327 1.464435 103.397731
3767 1.433327 1.464435 106.397731
3768 1.433327 1.464435 102.397731
3769 1.433327 1.464435 107.397731
3770 1.433327 1.464435 100.397731
3771 1.433327 1.464435 109.397731
3772 1.433327 1.464435 98.397731
3773 1.433327 1.464435 112.397731
3774 1.433327 1.464435 96.397731
3775 1.433327 1.464435 115.397731
3776 1.433327 1.464435 94.397731
3777 1.433327 1.464435 118.397731
3778 1.433327 1.464435 92.397731
3779 1.433327 1.464435 121.397731
3780 1.433327 1.464435 89.397731
3781 1.433327 1.464435 125.397731
3782 1.433327 1.464435 86.397731
3783 1.433327 1.464435 129.397731
3784 1.433327 1.464435 83.397731
3785 1.433327 1.464435 133.397731
3786 1.433327 1.464435 80.397731
3787 1.433327 1.464435 137.397731
3788 1.433327 1.464435 76.397731
3789 1.433327 1.464435 141.397731
3790 1.433327 1.464435 72.397731
3791 1.433327 1.434435 104.397731
3792 1.433327 1.434435 103.397731
3793 1.433327 1.434435 106.397731
3794 1.433327 1.434435 102.397731
3795 1.433327 1.434435 107.397731
3796 1.433327 1.434435 100.397731
3797 1.433327 1.434435 109.397731
3798 1.433327 1.434435 98.397731
3799 1.433327 1.434435 112.397731
3800 1.433327 1.434435 96.397731
3801 1.433327 1.434435 115.397731
3802 1.433327 1.434435 94.397731
3803 1.433327 1.434435 118.397731
3804 1.433327 1.434435 92.397731
3805 1.433327 1.434435 121.397731
3806 1.433327 1.434435 89.397731
3807 1.433327 1.434435 125.397731
3808 1.433327 1.434435 86.397731
3809 1.433327 1.434435 129.397731
3810 1.433327 1.434435 83.397731
3811 1.433327 1.434435 133.397731
3812 1.433327 1.434435 80.397731
3813 1.433327 1.434435 137.397731
3814 1.433327 1.434435 76.397731
3815 1.433327 1.434435 141.397731
3816 1.433327 1.474435 104.397731
3817 1.433327 1.474435 103.397731
3818 1.433327 1.474435 106.397731
3819 1.433327 1.474435 102.397731
3820 1.433327 1.474435 107.397731
3821 1.433327 1.474435 100.397731
3822 1.433327 1.474435 109.397731
3823 1.433327 1.474435 98.397731
3824 1.433327 1.474435 112.397731
3825 1.433327 1.474435 96.397731
3826 1.433327 1.474435 115.397731
3827 1.433327 1.474435 94.397731
3828 1.433327 1.474435 118.397731
3829 1.433327 1.474435 92.397731
3830 1.433327 1.474435 121.397731
3831 1.433327 1.474435 89.397731
3832 1.433327 1.474435 125.397731
3833 1.433327 1.474435 86.397731
3834 1.433327 1.474435 129.397731
3835 1.433327 1.474435 83.397731
3836 1.433327 1.474435 133.397731
3837 1.433327 1.474435 80.397731
3838 1.433327 1.474435 137.397731
3839 1.433327 1.474435 76.397731
3840 1.433327 1.424435 104.397731
3841 1.433327 1.424435 103.397731
3842 1.433327 1.424435 106.397731
3843 1.433327 1.424435 102.397731
3844 1.433327 1.424435 107.397731
3845 1.433327 1.424435 100.397731
3846 1.433327 1.424435 109.397731
3847 1.433327 1.424435 98.397731
3848 1.433327 1.424435 112.397731
3849 1.433327 1.424435 96.397731
3850 1.433327 1.424435 115.397731
3851 1.433327 1.424435 94.397731
3852 1.433327 1.424435 118.397731
3853 1.433327 1.424435 92.397731
3854 1.433327 1.424435 121.397731
3855 1.433327 1.424435 89.397731
3856 1.433327 1.424435 125.397731
3857 1.433327 1.424435 86.397731
3858 1.433327 1.424435 129.397731
3859 1.433327 1.424435 83.397731
3860 1.433327 1.424435 133.397731
3861 1.433327 1.424435 80.397731
3862 1.433327 1.424435 137.397731
3863 1.433327 1.484435 104.397731
3864 1.433327 1.484435 103.397731
3865 1.433327 1.484435 106.397731
3866 1.433327 1.484435 102.397731
3867 1.433327 1.484435 107.397731
3868 1.433327 1.484435 100.397731
3869 1.433327 1.484435 109.397731
3870 1.433327 1.484435 98.397731
3871 1.433327 1.484435 112.397731
3872 1.433327 1.484435 96.397731
3873 1.433327 1.484435 115.397731
3874 1.433327 1.484435 94.397731
3875 1.433327 1.484435 118.397731
3876 1.433327 1.484435 92.397731
3877 1.433327 1.484435 121.397731
3878 1.433327 1.484435 89.397731
3879 1.433327 1.484435 125.397731
3880 1.433327 1.484435 86.397731
3881 1.433327 1.484435 129.397731
3882 1.433327 1.484435 83.397731
3883 1.433327 1.484435 133.397731
3884 1.433327 1.484435 80.397731
3885 1.433327 1.404435 104.397731
3886 1.433327 1.404435 103.397731
3887 1.433327 1.404435 106.397731
3888 1.433327 1.404435 102.397731
3889 1.433327 1.404435 107.397731
3890 1.433327 1.404435 100.397731
3891 1.433327 1.404435 109.397731
3892 1.433327 1.404435 98.397731
3893 1.433327 1.404435 112.397731
3894 1.433327 1.404435 96.397731
3895 1.433327 1.404435 115.397731
3896 1.433327 1.404435 94.397731
3897 1.433327 1.404435 118.397731
3898 1.433327 1.404435 92.397731
3899 1.433327 1.404435 121.397731
3900 1.433327 1.404435 89.397731
3901 1.433327 1.404435 125.397731
3902 1.433327 1.404435 86.397731
3903 1.433327 1.404435 129.397731
3904 1.433327 1.404435 83.397731
3905 1.433327 1.404435 133.397731
3906 1.433327 1.504435 104.397731
3907 1.433327 1.504435 103.397731
3908 1.433327 1.504435 106.397731
3909 1.433327 1.504435 102.397731
3910 1.433327 1.504435 107.397731
3911 1.433327 1.504435 100.397731
3912 1.433327 1.504435 109.397731
3913 1.433327 1.504435 98.397731
3914 1.433327 1.504435 112.397731
3915 1.433327 1.504435 96.397731
3916 1.433327 1.504435 115.397731
3917 1.433327 1.504435 94.397731
3918 1.433327 1.504435 118.397731
3919 1.433327 1.504435 92.397731
3920 1.433327 1.504435 121.397731
3921 1.433327 1.504435 89.397731
3922 1.433327 1.504435 125.397731
3923 1.433327 1.504435 86.397731
3924 1.433327 1.504435 129.397731
3925 1.433327 1.504435 83.397731
3926 1.433327 1.384435 104.397731
3927 1.433327 1.384435 103.397731
3928 1.433327 1.384435 106.397731
3929 1.433327 1.384435 102.397731
3930 1.433327 1.384435 107.397731
3931 1.433327 1.384435 100.397731
3932 1.433327 1.384435 109.397731
3933 1.433327 1.384435 98.397731
3934 1.433327 1.384435 112.397731
3935 1.433327 1.384435 96.397731
3936 1.433327 1.384435 115.397731
3937 1.433327 1.384435 94.397731
3938 1.433327 1.384435 118.397731
3939 1.433327 1.384435 92.397731
3940 1.433327 1.384435 121.397731
3941 1.433327 1.384435 89.397731
3942 1.433327 1.384435 125.397731
3943 1.433327 1.384435 86.397731
3944 1.433327 1.384435 129.397731
3945 1.433327 1.534435 104.397731
3946 1.433327 1.534435 103.397731
3947 1.433327 1.534435 106.397731
3948 1.433327 1.534435 102.397731
3949 1.433327 1.534435 107.397731
3950 1.433327 1.534435 100.397731
3951 1.433327 1.534435 109.397731
3952 1.433327 1.534435 98.397731
3953 1.433327 1.534435 112.397731
3954 1.433327 1.534435 96.397731
3955 1.433327 1.534435 115.397731
3956 1.433327 1.534435 94.397731
3957 1.433327 1.534435 118.397731
3958 1.433327 1.534435 92.397731
3959 1.433327 1.534435 121.397731
3960 1.433327 1.534435 89.397731
3961 1.433327 1.534435 125.397731
3962 1.433327 1.534435 86.397731
3963 1.433327 1.364435 104.397731
3964 1.433327 1.364435 103.397731
3965 1.433327 1.364435 106.397731
3966 1.433327 1.364435 102.397731
3967 1.433327 1.364435 107.397731
3968 1.433327 1.364435 100.397731
3969 1.433327 1.364435 109.397731
3970 1.433327 1.364435 98.397731
3971 1.433327 1.364435 112.397731
3972 1.433327 1.364435 96.397731
3973 1.433327 1.364435 115.397731
3974 1.433327 1.364435 94.397731
3975 1.433327 1.364435 118.397731
3976 1.433327 1.364435 92.397731
3977 1.433327 1.364435 121.397731
3978 1.433327 1.364435 89.397731
3979 1.433327 1.364435 125.397731
3980 1.433327 1.574435 104.397731
3981 1.433327 1.574435 103.397731
3982 1.433327 1.574435 106.397731
3983 1.433327 1.574435 102.397731
3984 1.433327 1.574435 107.397731
3985 1.433327 1.574435 100.397731
3986 1.433327 1.574435 109.397731
3987 1.433327 1.574435 98.397731
3988 1.433327 1.574435 112.397731
3989 1.433327 1.574435 96.397731
3990 1.433327 1.574435 115.397731
3991 1.433327 1.574435 94.397731
3992 1.433327 1.574435 118.397731
3993 1.433327 1.574435 92.397731
3994 1.433327 1.574435 121.397731
3995 1.433327 1.574435 89.397731
3996 1.433327 1.344435 104.397731
3997 1.433327 1.344435 103.397731
3998 1.433327 1.344435 106.397731
3999 1.433327 1.344435 102.397731
4000 1.433327 1.344435 107.397731
4001 1.433327 1.344435 100.397731
4002 1.433327 1.344435 109.397731
4003 1.433327 1.344435 98.397731
4004 1.433327 1.344435 112.397731
4005 1.433327 1.344435 96.397731
4006 1.433327 1.344435 115.397731
4007 1.433327 1.344435 94.397731
4008 1.433327 1.344435 118.397731
4009 1.433327 1.344435 92.397731
4010 1.433327 1.344435 121.397731
4011 1.433327 1.614435 104.397731
4012 1.433327 1.614435 103.397731
4013 1.433327 1.614435 106.397731
4014 1.433327 1.614435 102.397731
4015 1.433327 1.614435 107.397731
4016 1.433327 1.614435 100.397731
4017 1.433327 1.614435 109.397731
4018 1.433327 1.614435 98.397731
4019 1.433327 1.614435 112.397731
4020 1.433327 1.614435 96.397731
4021 1.433327 1.614435 115.397731
4022 1.433327 1.614435 94.397731
4023 1.433327 1.614435 118.397731
4024 1.433327 1.614435 92.397731
4025 1.433327 1.324435 104.397731
4026 1.433327 1.324435 103.397731
4027 1.433327 1.324435 106.397731
4028 1.433327 1.324435 102.397731
4029 1.433327 1.324435 107.397731
4030 1.433327 1.324435 100.397731
4031 1.433327 1.324435 109.397731
4032 1.433327 1.324435 98.397731
4033 1.433327 1.324435 112.397731
4034 1.433327 1.324435 96.397731
4035 1.433327 1.324435 115.397731
4036 1.433327 1.324435 94.397731
4037 1.433327 1.324435 118.397731
4038 1.433327 1.664435 104.397731
4039 1.433327 1.664435 103.397731
4040 1.433327 1.664435 106.397731
4041 1.433327 1.664435 102.397731
4042 1.433327 1.664435 107.397731
4043 1.433327 1.664435 100.397731
4044 1.433327 1.664435 109.397731
4045 1.433327 1.664435 98.397731
4046 1.433327 1.664435 112.397731
4047 1.433327 1.664435 96.397731
4048 1.433327 1.664435 115.397731
4049 1.433327 1.664435 94.397731
4050 1.433327 1.294435 104.397731
4051 1.433327 1.294435 103.397731
4052 1.433327 1.294435 106.397731
4053 1.433327 1.294435 102.397731
4054 1.433327 1.294435 107.397731
4055 1.433327 1.294435 100.397731
4056 1.433327 1.294435 109.397731
4057 1.433327 1.294435 98.397731
4058 1.433327 1.294435 112.397731
4059 1.433327 1.294435 96.397731
4060 1.433327 1.294435 115.397731
4061 1.433327 1.734435 104.397731
4062 1.433327 1.734435 103.397731
4063 1.433327 1.734435 106.397731
4064 1.433327 1.734435 102.397731
4065 1.433327 1.734435 107.397731
4066 1.433327 1.734435 100.397731
4067 1.433327 1.734435 109.397731
4068 1.433327 1.734435 98.397731
4069 1.433327 1.734435 112.397731
4070 1.433327 1.734435 96.397731
4071 1.433327 1.264435 104.397731
4072 1.433327 1.264435 103.397731
4073 1.433327 1.264435 106.397731
4074 1.433327 1.264435 102.397731
4075 1.433327 1.264435 107.397731
4076 1.433327 1.264435 100.397731
4077 1.433327 1.264435 109.397731
4078 1.433327 1.264435 98.397731
4079 1.433327 1.264435 112.397731
4080 1.433327 1.824435 104.397731
4081 1.433327 1.824435 103.397731
4082 1.433327 1.824435 106.397731
4083 1.433327 1.824435 102.397731
4084 1.433327 1.824435 107.397731
4085 1.433327 1.824435 100.397731
4086 1.433327 1.824435 109.397731
4087 1.433327 1.824435 98.397731
4088 1.433327 1.224435 104.397731
4089 1.433327 1.224435 103.397731
4090 1.433327 1.224435 106.397731
4091 1.433327 1.224435 102.397731
4092 1.433327 1.224435 107.397731
4093 1.433327 1.224435 100.397731
4094 1.433327 1.224435 109.397731
4095 1.433327 1.924435 104.397731
4096 1.433327 1.924435 103.397731
4097 1.433327 1.924435 106.397731
4098 1.433327 1.924435 102.397731
4099 1.433327 1.924435 107.397731
4100 1.433327 1.924435 100.397731
4101 1.433327 1.184435 104.397731
4102 1.433327 1.184435 103.397731
4103 1.433327 1.184435 106.397731
4104 1.433327 1.184435 102.397731
4105 1.433327 1.184435 107.397731
4106 1.433327 2.034435 104.397731
4107 1.433327 2.034435 103.397731
4108 1.433327 2.034435 106.397731
4109 1.433327 2.034435 102.397731
4110 1.433327 1.144435 104.397731
4111 1.433327 1.144435 103.397731
4112 1.433327 1.144435 106.397731
4113 1.433327 2.174435 104.397731
4114 1.433327 2.174435 103.397731
4115 1.433327 1.114435 104.397731
4116 1.533327 1.454435 104.397731
4117 1.533327 1.454435 103.397731
4118 1.533327 1.454435 106.397731
4119 1.533327 1.454435 102.397731
4120 1.533327 1.454435 107.397731
4121 1.533327 1.454435 100.397731
4122 1.533327 1.454435 109.397731
4123 1.533327 1.454435 98.397731
4124 1.533327 1.454435 112.397731
4125 1.533327 1.454435 96.397731
4126 1.533327 1.454435 115.397731
4127 1.533327 1.454435 94.397731
4128 1.533327 1.454435 118.397731
4129 1.533327 1.454435 92.397731
4130 1.533327 1.454435 121.397731
4131 1.533327 1.454435 89.397731
4132 1.533327 1.454435 125.397731
4133 1.533327 1.454435 86.397731
4134 1.533327 1.454435 129.397731
4135 1.533327 1.454435 83.397731
4136 1.533327 1.454435 133.397731
4137 1.533327 1.454435 80.397731
4138 1.533327 1.454435 137.397731
4139 1.533327 1.454435 76.397731
4140 1.533327 1.454435 141.397731
4141 1.533327 1.454435 72.397731
4142 1.533327 1.454435 146.397731
4143 1.533327 1.444435 104.397731
4144 1.533327 1.444435 103.397731
4145 1.533327 1.444435 106.397731
4146 1.533327 1.444435 102.397731
4147 1.533327 1.444435 107.397731
4148 1.533327 1.444435 100.397731
4149 1.533327 1.444435 109.397731
4150 1.533327 1.444435 98.397731
4151 1.533327 1.444435 112.397731
4152 1.533327 1.444435 96.397731
4153 1.533327 1.444435 115.397731
4154 1.533327 1.444435 94.397731
4155 1.533327 1.444435 118.397731
4156 1.533327 1.444435 92.397731
4157 1.533327 1.444435 121.397731
4158 1.533327 1.444435 89.397731
4159 1.533327 1.444435 125.397731
4160 1.533327 1.444435 86.397731
4161 1.533327 1.444435 129.397731
4162 1.533327 1.444435 83.397731
4163 1.533327 1.444435 133.397731
4164 1.533327 1.444435 80.397731
4165 1.533327 1.444435 137.397731
4166 1.533327 1.444435 76.397731
4167 1.533327 1.444435 141.397731
4168 1.533327 1.444435 72.397731
4169 1.533327 1.464435 104.397731
4170 1.533327 1.464435 103.397731
4171 1.533327 1.464435 106.397731
4172 1.533327 1.464435 102.397731
4173 1.533327 1.464435 107.397731
4174 1.533327 1.464435 100.397731
4175 1.533327 1.464435 109.397731
4176 1.533327 1.464435 98.397731
4177 1.533327 1.464435 112.397731
4178 1.533327 1.464435 96.397731
4179 1.533327 1.464435 115.397731
4180 1.533327 1.464435 94.397731
4181 1.533327 1.464435 118.397731
4182 1.533327 1.464435 92.397731
4183 1.533327 1.464435 121.397731
4184 1.533327 1.464435 89.397731
4185 1.533327 1.464435 125.397731
4186 1.533327 1.464435 86.397731
4187 1.533327 1.464435 129.397731
4188 1.533327 1.464435 83.397731
4189 1.533327 1.464435 133.397731
4190 1.533327 1.464435 80.397731
4191 1.533327 1.464435 137.397731
4192 1.533327 1.464435 76.397731
4193 1.533327 1.464435 141.397731
4194 1.533327 1.434435 104.397731
4195 1.533327 1.434435 103.397731
4196 1.533327 1.434435 106.397731
4197 1.533327 1.434435 102.397731
4198 1.533327 1.434435 107.397731
4199 1.533327 1.434435 100.397731
4200 1.533327 1.434435 109.397731
4201 1.533327 1.434435 98.397731
4202 1.533327 1.434435 112.397731
4203 1.533327 1.434435 96.397731
4204 1.533327 1.434435 115.397731
4205 1.533327 1.434435 94.397731
4206 1.533327 1.434435 118.397731
4207 1.533327 1.434435 92.397731
4208 1.533327 1.434435 121.397731
4209 1.533327 1.434435 89.397731
4210 1.533327 1.434435 125.397731
4211 1.533327 1.434435 86.397731
4212 1.533327 1.434435 129.397731
4213 1.533327 1.434435 83.397731
4214 1.533327 1.434435 133.397731
4215 1.533327 1.434435 80.397731
4216 1.533327 1.434435 137.397731
4217 1.533327 1.434435 76.397731
4218 1.533327 1.474435 104.397731
4219 1.533327 1.474435 103.397731
4220 1.533327 1.474435 106.397731
4221 1.533327 1.474435 102.397731
4222 1.533327 1.474435 107.397731
4223 1.533327 1.474435 100.397731
4224 1.533327 1.474435 109.397731
4225 1.533327 1.474435 98.397731
4226 1.533327 1.474435 112.397731
4227 1.533327 1.474435 96.397731
4228 1.533327 1.474435 115.397731
4229 1.533327 1.474435 94.397731
4230 1.533327 1.474435 118.397731
4231 1.533327 1.474435 92.397731
4232 1.533327 1.474435 121.397731
4233 1.533327 1.474435 89.397731
4234 1.533327 1.474435 125.397731
4235 1.533327 1.474435 86.397731
4236 1.533327 1.474435 129.397731
4237 1.533327 1.474435 83.397731
4238 1.533327 1.474435 133.397731
4239 1.533327 1.474435 80.397731
4240 1.533327 1.474435 137.397731
4241 1.533327 1.424435 104.397731
4242 1.533327 1.424435 103.397731
4243 1.533327 1.424435 106.397731
4244 1.533327 1.424435 102.397731
4245 1.533327 1.424435 107.397731
4246 1.533327 1.424435 100.397731
4247 1.533327 1.424435 109.397731
4248 1.533327 1.424435 98.397731
4249 1.533327 1.424435 112.397731
4250 1.533327 1.424435 96.397731
4251 1.533327 1.424435 115.397731
4252 1.533327 1.424435 94.397731
4253 1.533327 1.424435 118.397731
4254 1.533327 1.424435 92.397731
4255 1.533327 1.424435 121.397731
4256 1.533327 1.424435 89.397731
4257 1.533327 1.424435 125.397731
4258 1.533327 1.424435 86.397731
4259 1.533327 1.424435 129.397731
4260 1.533327 1.424435 83.397731
4261 1.533327 1.424435 133.397731
4262 1.533327 1.424435 80.397731
4263 1.533327 1.484435 104.397731
4264 1.533327 1.484435 103.397731
4265 1.533327 1.484435 106.397731
4266 1.533327 1.484435 102.397731
4267 1.533327 1.484435 107.397731
4268 1.533327 1.484435 100.397731
4269 1.533327 1.484435 109.397731
4270 1.533327 1.484435 98.397731
4271 1.533327 1.484435 112.397731
4272 1.533327 1.484435 96.397731
4273 1.533327 1.484435 115.397731
4274 1.533327 1.484435 94.397731
4275 1.533327 1.484435 118.397731
4276 1.533327 1.484435 92.397731
4277 1.533327 1.484435 121.397731
4278 1.533327 1.484435 89.397731
4279 1.533327 1.484435 125.397731
4280 1.533327 1.484435 86.397731
4281 1.533327 1.484435 129.397731
4282 1.533327 1.484435 83.397731
4283 1.533327 1.484435 133.397731
4284 1.533327 1.404435 104.397731
4285 1.533327 1.404435 103.397731
4286 1.533327 1.404435 106.397731
4287 1.533327 1.404435 102.397731
4288 1.533327 1.404435 107.397731
4289 1.533327 1.404435 100.397731
4290 1.533327 1.404435 109.397731
4291 1.533327 1.404435 98.397731
4292 1.533327 1.404435 112.397731
4293 1.533327 1.404435 96.397731
4294 1.533327 1.404435 115.397731
4295 1.533327 1.404435 94.397731
4296 1.533327 1.404435 118.397731
4297 1.533327 1.404435 92.397731
4298 1.533327 1.404435 121.397731
4299 1.533327 1.404435 89.397731
4300 1.533327 1.404435 125.397731
4301 1.533327 1.404435 86.397731
4302 1.533327 1.404435 129.397731
4303 1.533327 1.404435 83.397731
4304 1.533327 1.504435 104.397731
4305 1.533327 1.504435 103.397731
4306 1.533327 1.504435 106.397731
4307 1.533327 1.504435 102.397731
4308 1.533327 1.504435 107.397731
4309 1.533327 1.504435 100.397731
4310 1.533327 1.504435 109.397731
4311 1.533327 1.504435 98.397731
4312 1.533327 1.504435 112.397731
4313 1.533327 1.504435 96.397731
4314 1.533327 1.504435 115.397731
4315 1.533327 1.504435 94.397731
4316 1.533327 1.504435 118.397731
4317 1.533327 1.504435 92.397731
4318 1.533327 1.504435 121.397731
4319 1.533327 1.504435 89.397731
4320 1.533327 1.504435 125.397731
4321 1.533327 1.504435 86.397731
4322 1.533327 1.504435 129.397731
4323 1.533327 1.384435 104.397731
4324 1.533327 1.384435 103.397731
4325 1.533327 1.384435 106.397731
4326 1.533327 1.384435 102.397731
4327 1.533327 1.384435 107.397731
4328 1.533327 1.384435 100.397731
4329 1.533327 1.384435 109.397731
4330 1.533327 1.384435 98.397731
4331 1.533327 1.384435 112.397731
4332 1.533327 1.384435 96.397731
4333 1.533327 1.384435 115.397731
4334 1.533327 1.384435 94.397731
4335 1.533327 1.384435 118.397731
4336 1.533327 1.384435 92.397731
4337 1.533327 1.384435 121.397731
4338 1.533327 1.384435 89.397731
4339 1.533327 1.384435 125.397731
4340 1.533327 1.384435 86.397731
4341 1.533327 1.534435 104.397731
4342 1.533327 1.534435 103.397731
4343 1.533327 1.534435 106.397731
4344 1.533327 1.534435 102.397731
4345 1.533327 1.534435 107.397731
4346 1.533327 1.534435 100.397731
4347 1.533327 1.534435 109.397731
4348 1.533327 1.534435 98.397731
4349 1.533327 1.534435 112.397731
4350 1.533327 1.534435 96.397731
4351 1.533327 1.534435 115.397731
4352 1.533327 1.534435 94.397731
4353 1.533327 1.534435 118.397731
4354 1.533327 1.534435 92.397731
4355 1.533327 1.534435 121.397731
4356 1.533327 1.534435 89.397731
4357 1.533327 1.534435 125.397731
4358 1.533327 1.364435 104.397731
4359 1.533327 1.364435 103.397731
4360 1.533327 1.364435 106.397731
4361 1.533327 1.364435 102.397731
4362 1.533327 1.364435 107.397731
4363 1.533327 1.364435 100.397731
4364 1.533327 1.364435 109.397731
4365 1.533327 1.364435 98.397731
4366 1.533327 1.364435 112.397731
4367 1.533327 1.364435 96.397731
4368 1.533327 1.364435 115.397731
4369 1.533327 1.364435 94.397731
4370 1.533327 1.364435 118.397731
4371 1.533327 1.364435 92.397731
4372 1.533327 1.364435 121.397731
4373 1.533327 1.364435 89.397731
4374 1.533327 1.574435 104.397731
4375 1.533327 1.574435 103.397731
4376 1.533327 1.574435 106.397731
4377 1.533327 1.574435 102.397731
4378 1.533327 1.574435 107.397731
4379 1.533327 1.574435 100.397731
4380 1.533327 1.574435 109.397731
4381 1.533327 1.574435 98.397731
4382 1.533327 1.574435 112.397731
4383 1.533327 1.574435 96.397731
4384 1.533327 1.574435 115.397731
4385 1.533327 1.574435 94.397731
4386 1.533327 1.574435 118.397731
4387 1.533327 1.574435 92.397731
4388 1.533327 1.574435 121.397731
4389 1.533327 1.344435 104.397731
4390 1.533327 1.344435 103.397731
4391 1.533327 1.344435 106.397731
4392 1.533327 1.344435 102.397731
4393 1.533327 1.344435 107.397731
4394 1.533327 1.344435 100.397731
4395 1.533327 1.344435 109.397731
4396 1.533327 1.344435 98.397731
4397 1.533327 1.344435 112.397731
4398 1.533327 1.344435 96.397731
4399 1.533327 1.344435 115.397731
4400 1.533327 1.344435 94.397731
4401 1.533327 1.344435 118.397731
4402 1.533327 1.344435 92.397731
4403 1.533327 1.614435 104.397731
4404 1.533327 1.614435 103.397731
4405 1.533327 1.614435 106.397731
4406 1.533327 1.614435 102.397731
4407 1.533327 1.614435 107.397731
4408 1.533327 1.614435 100.397731
4409 1.533327 1.614435 109.397731
4410 1.533327 1.614435 98.397731
4411 1.533327 1.614435 112.397731
4412 1.533327 1.614435 96.397731
4413 1.533327 1.614435 115.397731
4414 1.533327 1.614435 94.397731
4415 1.533327 1.614435 118.397731
4416 1.533327 1.324435 104.397731
4417 1.533327 1.324435 103.397731
4418 1.533327 1.324435 106.397731
4419 1.533327 1.324435 102.397731
4420 1.533327 1.324435 107.397731
4421 1.533327 1.324435 100.397731
4422 1.533327 1.324435 109.397731
4423 1.533327 1.324435 98.397731
4424 1.533327 1.324435 112.397731
4425 1.533327 1.324435 96.397731
4426 1.533327 1.324435 115.397731
4427 1.533327 1.324435 94.397731
4428 1.533327 1.664435 104.397731
4429 1.533327 1.664435 103.397731
4430 1.533327 1.664435 106.397731
4431 1.533327 1.664435 102.397731
4432 1.533327 1.664435 107.397731
4433 1.533327 1.664435 100.397731
4434 1.533327 1.664435 109.397731
4435 1.533327 1.664435 98.397731
4436 1.533327 1.664435 112.397731
4437 1.533327 1.664435 96.397731
4438 1.533327 1.664435 115.397731
4439 1.533327 1.294435 104.397731
4440 1.533327 1.294435 103.397731
4441 1.533327 1.294435 106.397731
4442 1.533327 1.294435 102.397731
4443 1.533327 1.294435 107.397731
4444 1.533327 1.294435 100.397731
4445 1.533327 1.294435 109.397731
4446 1.533327 1.294435 98.397731
4447 1.533327 1.294435 112.397731
4448 1.533327 1.294435 96.397731
4449 1.533327 1.734435 104.397731
4450 1.533327 1.734435 103.397731
4451 1.533327 1.734435 106.397731
4452 1.533327 1.734435 102.397731
4453 1.533327 1.734435 107.397731
4454 1.533327 1.734435 100.397731
4455 1.533327 1.734435 109.397731
4456 1.533327 1.734435 98.397731
4457 1.533327 1.734435 112.397731
4458 1.533327 1.264435 104.397731
4459 1.533327 1.264435 103.397731
4460 1.533327 1.264435 106.397731
4461 1.533327 1.264435 102.397731
4462 1.533327 1.264435 107.397731
4463 1.533327 1.264435 100.397731
4464 1.533327 1.264435 109.397731
4465 1.533327 1.264435 98.397731
4466 1.533327 1.824435 104.397731
4467 1.533327 1.824435 103.397731
4468 1.533327 1.824435 106.397731
4469 1.533327 1.824435 102.397731
4470 1.533327 1.824435 107.397731
4471 1.533327 1.824435 100.397731
4472 1.533327 1.824435 109.397731
4473 1.533327 1.224435 104.397731
4474 1.533327 1.224435 103.397731
4475 1.533327 1.224435 106.397731
4476 1.533327 1.224435 102.397731
4477 1.533327 1.224435 107.397731
4478 1.533327 1.224435 100.397731
4479 1.533327 1.924435 104.397731
4480 1.533327 1.924435 103.397731
4481 1.533327 1.924435 106.397731
4482 1.533327 1.924435 102.397731
4483 1.533327 1.924435 107.397731
4484 1.533327 1.184435 104.397731
4485 1.533327 1.184435 103.397731
4486 1.533327 1.184435 106.397731
4487 1.533327 1.184435 102.397731
4488 1.533327 2.034435 104.397731
4489 1.533327 2.034435 103.397731
4490 1.533327 2.034435 106.397731
4491 1.533327 1.144435 104.397731
4492 1.533327 1.144435 103.397731
4493 1.533327 2.174435 104.397731
4494 1.423327 1.454435 104.397731
4495 1.423327 1.454435 103.397731
4496 1.423327 1.454435 106.397731
4497 1.423327 1.454435 102.397731
4498 1.423327 1.454435 107.397731
4499 1.423327 1.454435 100.397731
4500 1.423327 1.454435 109.397731
4501 1.423327 1.454435 98.397731
4502 1.423327 1.454435 112.397731
4503 1.423327 1.454435 96.397731
4504 1.423327 1.454435 115.397731
4505 1.423327 1.454435 94.397731
4506 1.423327 1.454435 118.397731
4507 1.423327 1.454435 92.397731
4508 1.423327 1.454435 121.397731
4509 1.423327 1.454435 89.397731
4510 1.423327 1.454435 125.397731
4511 1.423327 1.454435 86.397731
4512 1.423327 1.454435 129.397731
4513 1.423327 1.454435 83.397731
4514 1.423327 1.454435 133.397731
4515 1.423327 1.454435 80.397731
4516 1.423327 1.454435 137.397731
4517 1.423327 1.454435 76.397731
4518 1.423327 1.454435 141.397731
4519 1.423327 1.454435 72.397731
4520 1.423327 1.444435 104.397731
4521 1.423327 1.444435 103.397731
4522 1.423327 1.444435 106.397731
4523 1.423327 1.444435 102.397731
4524 1.423327 1.444435 107.397731
4525 1.423327 1.444435 100.397731
4526 1.423327 1.444435 109.397731
4527 1.423327 1.444435 98.397731
4528 1.423327 1.444435 112.397731
4529 1.423327 1.444435 96.397731
4530 1.423327 1.444435 115.397731
4531 1.423327 1.444435 94.397731
4532 1.423327 1.444435 118.397731
4533 1.423327 1.444435 92.397731
4534 1.423327 1.444435 121.397731
4535 1.423327 1.444435 89.397731
4536 1.423327 1.444435 125.397731
4537 1.423327 1.444435 86.397731
4538 1.423327 1.444435 129.397731
4539 1.423327 1.444435 83.397731
4540 1.423327 1.444435 133.397731
4541 1.423327 1.444435 80.397731
4542 1.423327 1.444435 137.397731
4543 1.423327 1.444435 76.397731
4544 1.423327 1.444435 141.397731
4545 1.423327 1.464435 104.397731
4546 1.423327 1.464435 103.397731
4547 1.423327 1.464435 106.397731
4548 1.423327 1.464435 102.397731
4549 1.423327 1.464435 107.397731
4550 1.423327 1.464435 100.397731
4551 1.423327 1.464435 109.397731
4552 1.423327 1.464435 98.397731
4553 1.423327 1.464435 112.397731
4554 1.423327 1.464435 96.397731
4555 1.423327 1.464435 115.397731
4556 1.423327 1.464435 94.397731
4557 1.423327 1.464435 118.397731
4558 1.423327 1.464435 92.397731
4559 1.423327 1.464435 121.397731
4560 1.423327 1.464435 89.397731
4561 1.423327 1.464435 125.397731
4562 1.423327 1.464435 86.397731
4563 1.423327 1.464435 129.397731
4564 1.423327 1.464435 83.397731
4565 1.423327 1.464435 133.397731
4566 1.423327 1.464435 80.397731
4567 1.423327 1.464435 137.397731
4568 1.423327 1.464435 76.397731
4569 1.423327 1.434435 104.397731
4570 1.423327 1.434435 103.397731
4571 1.423327 1.434435 106.397731
4572 1.423327 1.434435 102.397731
4573 1.423327 1.434435 107.397731
4574 1.423327 1.434435 100.397731
4575 1.423327 1.434435 109.397731
4576 1.423327 1.434435 98.397731
4577 1.423327 1.434435 112.397731
4578 1.423327 1.434435 96.397731
4579 1.423327 1.434435 115.397731
4580 1.423327 1.434435 94.397731
4581 1.423327 1.434435 118.397731
4582 1.423327 1.434435 92.397731
4583 1.423327 1.434435 121.397731
4584 1.423327 1.434435 89.397731
4585 1.423327 1.434435 125.397731
4586 1.423327 1.434435 86.397731
4587 1.423327 1.434435 129.397731
4588 1.423327 1.434435 83.397731
4589 1.423327 1.434435 133.397731
4590 1.423327 1.434435 80.397731
4591 1.423327 1.434435 137.397731
4592 1.423327 1.474435 104.397731
4593 1.423327 1.474435 103.397731
4594 1.423327 1.474435 106.397731
4595 1.423327 1.474435 102.397731
4596 1.423327 1.474435 107.397731
4597 1.423327 1.474435 100.397731
4598 1.423327 1.474435 109.397731
4599 1.423327 1.474435 98.397731
4600 1.423327 1.474435 112.397731
4601 1.423327 1.474435 96.397731
4602 1.423327 1.474435 115.397731
4603 1.423327 1.474435 94.397731
4604 1.423327 1.474435 118.397731
4605 1.423327 1.474435 92.397731
4606 1.423327 1.474435 121.397731
4607 1.423327 1.474435 89.397731
4608 1.423327 1.474435 125.397731
4609 1.423327 1.474435 86.397731
4610 1.423327 1.474435 129.397731
4611 1.423327 1.474435 83.397731
4612 1.423327 1.474435 133.397731
4613 1.423327 1.474435 80.397731
4614 1.423327 1.424435 104.397731
4615 1.423327 1.424435 103.397731
4616 1.423327 1.424435 106.397731
4617 1.423327 1.424435 102.397731
4618 1.423327 1.424435 107.397731
4619 1.423327 1.424435 100.397731
4620 1.423327 1.424435 109.397731
4621 1.423327 1.424435 98.397731
4622 1.423327 1.424435 112.397731
4623 1.423327 1.424435 96.397731
4624 1.423327 1.424435 115.397731
4625 1.423327 1.424435 94.397731
4626 1.423327 1.424435 118.397731
4627 1.423327 1.424435 92.397731
4628 1.423327 1.424435 121.397731
4629 1.423327 1.424435 89.397731
4630 1.423327 1.424435 125.397731
4631 1.423327 1.424435 86.397731
4632 1.423327 1.424435 129.397731
4633 1.423327 1.424435 83.397731
4634 1.423327 1.424435 133.397731
4635 1.423327 1.484435 104.397731
4636 1.423327 1.484435 103.397731
4637 1.423327 1.484435 106.397731
4638 1.423327 1.484435 102.397731
4639 1.423327 1.484435 107.397731
4640 1.423327 1.484435 100.397731
4641 1.423327 1.484435 109.397731
4642 1.423327 1.484435 98.397731
4643 1.423327 1.484435 112.397731
4644 1.423327 1.484435 96.397731
4645 1.423327 1.484435 115.397731
4646 1.423327 1.484435 94.397731
4647 1.423327 1.484435 118.397731
4648 1.423327 1.484435 92.397731
4649 1.423327 1.484435 121.397731
4650 1.423327 1.484435 89.397731
4651 1.423327 1.484435 125.397731
4652 1.423327 1.484435 86.397731
4653 1.423327 1.484435 129.397731
4654 1.423327 1.484435 83.397731
4655 1.423327 1.404435 104.397731
4656 1.423327 1.404435 103.397731
4657 1.423327 1.404435 106.397731
4658 1.423327 1.404435 102.397731
4659 1.423327 1.404435 107.397731
4660 1.423327 1.404435 100.397731
4661 1.423327 1.404435 109.397731
4662 1.423327 1.404435 98.397731
4663 1.423327 1.404435 112.397731
4664 1.423327 1.404435 96.397731
4665 1.423327 1.404435 115.397731
4666 1.423327 1.404435 94.397731
4667 1.423327 1.404435 118.397731
4668 1.423327 1.404435 92.397731
4669 1.423327 1.404435 121.397731
4670 1.423327 1.404435 89.397731
4671 1.423327 1.404435 125.397731
4672 1.423327 1.404435 86.397731
4673 1.423327 1.404435 129.397731
4674 1.423327 1.504435 104.397731
4675 1.423327 1.504435 103.397731
4676 1.423327 1.504435 106.397731
4677 1.423327 1.504435 102.397731
4678 1.423327 1.504435 107.397731
4679 1.423327 1.504435 100.397731
4680 1.423327 1.504435 109.397731
4681 1.423327 1.504435 98.397731
4682 1.423327 1.504435 112.397731
4683 1.423327 1.504435 96.397731
4684 1.423327 1.504435 115.397731
4685 1.423327 1.504435 94.397731
4686 1.423327 1.504435 118.397731
4687 1.423327 1.504435 92.397731
4688 1.423327 1.504435 121.397731
4689 1.423327 1.504435 89.397731
4690 1.423327 1.504435 125.397731
4691 1.423327 1.504435 86.397731
4692 1.423327 1.384435 104.397731
4693 1.423327 1.384435 103.397731
4694 1.423327 1.384435 106.397731
4695 1.423327 1.384435 102.397731
4696 1.423327 1.384435 107.397731
4697 1.423327 1.384435 100.397731
4698 1.423327 1.384435 109.397731
4699 1.423327 1.384435 98.397731
4700 1.423327 1.384435 112.397731
4701 1.423327 1.384435 96.397731
4702 1.423327 1.384435 115.397731
4703 1.423327 1.384435 94.397731
4704 1.423327 1.384435 118.397731
4705 1.423327 1.384435 92.397731
4706 1.423327 1.384435 121.397731
4707 1.423327 1.384435 89.397731
4708 1.423327 1.384435 125.397731
4709 1.423327 1.534435 104.397731
4710 1.423327 1.534435 103.397731
4711 1.423327 1.534435 106.397731
4712 1.423327 1.534435 102.397731
4713 1.423327 1.534435 107.397731
4714 1.423327 1.534435 100.397731
4715 1.423327 1.534435 109.397731
4716 1.423327 1.534435 98.397731
4717 1.423327 1.534435 112.397731
4718 1.423327 1.534435 96.397731
4719 1.423327 1.534435 115.397731
4720 1.423327 1.534435 94.397731
4721 1.423327 1.534435 118.397731
4722 1.423327 1.534435 92.397731
4723 1.423327 1.534435 121.397731
4724 1.423327 1.534435 89.397731
4725 1.423327 1.364435 104.397731
4726 1.423327 1.364435 103.397731
4727 1.423327 1.364435 106.397731
4728 1.423327 1.364435 102.397731
4729 1.423327 1.364435 107.397731
4730 1.423327 1.364435 100.397731
4731 1.423327 1.364435 109.397731
4732 1.423327 1.364435 98.397731
4733 1.423327 1.364435 112.397731
4734 1.423327 1.364435 96.397731
4735 1.423327 1.364435 115.397731
4736 1.423327 1.364435 94.397731
4737 1.423327 1.364435 118.397731
4738 1.423327 1.364435 92.397731
4739 1.423327 1.364435 121.397731
4740 1.423327 1.574435 104.397731
4741 1.423327 1.574435 103.397731
4742 1.423327 1.574435 106.397731
4743 1.423327 1.574435 102.397731
4744 1.423327 1.574435 107.397731
4745 1.423327 1.574435 100.397731
4746 1.423327 1.574435 109.397731
4747 1.423327 1.574435 98.397731
4748 1.423327 1.574435 112.397731
4749 1.423327 1.574435 96.397731
4750 1.423327 1.574435 115.397731
4751 1.423327 1.574435 94.397731
4752 1.423327 1.574435 118.397731
4753 1.423327 1.574435 92.397731
4754 1.423327 1.344435 104.397731
4755 1.423327 1.344435 103.397731
4756 1.423327 1.344435 106.397731
4757 1.423327 1.344435 102.397731
4758 1.423327 1.344435 107.397731
4759 1.423327 1.344435 100.397731
4760 1.423327 1.344435 109.397731
4761 1.423327 1.344435 98.397731
4762 1.423327 1.344435 112.397731
4763 1.423327 1.344435 96.397731
4764 1.423327 1.344435 115.397731
4765 1.423327 1.344435 94.397731
4766 1.423327 1.344435 118.397731
4767 1.423327 1.614435 104.397731
4768 1.423327 1.614435 103.397731
4769 1.423327 1.614435 106.397731
4770 1.423327 1.614435 102.397731
4771 1.423327 1.614435 107.397731
4772 1.423327 1.614435 100.397731
4773 1.423327 1.614435 109.397731
4774 1.423327 1.614435 98.397731
4775 1.423327 1.614435 112.397731
4776 1.423327 1.614435 96.397731
4777 1.423327 1.614435 115.397731
4778 1.423327 1.614435 94.397731
4779 1.423327 1.324435 104.397731
4780 1.423327 1.324435 103.397731
4781 1.423327 1.324435 106.397731
4782 1.423327 1.324435 102.397731
4783 1.423327 1.324435 107.397731
4784 1.423327 1.324435 100.397731
4785 1.423327 1.324435 109.397731
4786 1.423327 1.324435 98.397731
4787 1.423327 1.324435 112.397731
4788 1.423327 1.324435 96.397731
4789 1.423327 1.324435 115.397731
4790 1.423327 1.664435 104.397731
4791 1.423327 1.664435 103.397731
4792 1.423327 1.664435 106.397731
4793 1.423327 1.664435 102.397731
4794 1.423327 1.664435 107.397731
4795 1.423327 1.664435 100.397731
4796 1.423327 1.664435 109.397731
4797 1.423327 1.664435 98.397731
4798 1.423327 1.664435 112.397731
4799 1.423327 1.664435 96.397731
4800 1.423327 1.294435 104.397731
4801 1.423327 1.294435 103.397731
4802 1.423327 1.294435 106.397731
4803 1.423327 1.294435 102.397731
4804 1.423327 1.294435 107.397731
4805 1.423327 1.294435 100.397731
4806 1.423327 1.294435 109.397731
4807 1.423327 1.294435 98.397731
4808 1.423327 1.294435 112.397731
4809 1.423327 1.734435 104.397731
4810 1.423327 1.734435 103.397731
4811 1.423327 1.734435 106.397731
4812 1.423327 1.734435 102.397731
4813 1.423327 1.734435 107.397731
4814 1.423327 1.734435 100.397731
4815 1.423327 1.734435 109.397731
4816 1.423327 1.734435 98.397731
4817 1.423327 1.264435 104.397731
4818 1.423327 1.264435 103.397731
4819 1.423327 1.264435 106.397731
4820 1.423327 1.264435 102.397731
4821 1.423327 1.264435 107.397731
4822 1.423327 1.264435 100.397731
4823 1.423327 1.264435 109.397731
4824 1.423327 1.824435 104.397731
4825 1.423327 1.824435 103.397731
4826 1.423327 1.824435 106.397731
4827 1.423327 1.824435 102.397731
4828 1.423327 1.824435 107.397731
4829 1.423327 1.824435 100.397731
4830 1.423327 1.224435 104.397731
4831 1.423327 1.224435 103.397731
4832 1.423327 1.224435 106.397731
4833 1.423327 1.224435 102.397731
4834 1.423327 1.224435 107.397731
4835 1.423327 1.924435 104.397731
4836 1.423327 1.924435 103.397731
4837 1.423327 1.924435 106.397731
4838 1.423327 1.924435 102.397731
4839 1.423327 1.184435 104.397731
4840 1.423327 1.184435 103.397731
4841 1.423327 1.184435 106.397731
4842 1.423327 2.034435 104.397731
4843 1.423327 2.034435 103.397731
4844 1.423327 1.144435 104.397731
4845 1.553327 1.454435 104.397731
4846 1.553327 1.454435 103.397731
4847 1.553327 1.454435 106.397731
4848 1.553327 1.454435 102.397731
4849 1.553327 1.454435 107.397731
4850 1.553327 1.454435 100.397731
4851 1.553327 1.454435 109.397731
4852 1.553327 1.454435 98.397731
4853 1.553327 1.454435 112.397731
4854 1.553327 1.454435 96.397731
4855 1.553327 1.454435 115.397731
4856 1.553327 1.454435 94.397731
4857 1.553327 1.454435 118.397731
4858 1.553327 1.454435 92.397731
4859 1.553327 1.454435 121.397731
4860 1.553327 1.454435 89.397731
4861 1.553327 1.454435 125.397731
4862 1.553327 1.454435 86.397731
4863 1.553327 1.454435 129.397731
4864 1.553327 1.454435 83.397731
4865 1.553327 1.454435 133.397731
4866 1.553327 1.454435 80.397731
4867 1.553327 1.454435 137.397731
4868 1.553327 1.454435 76.397731
4869 1.553327 1.454435 141.397731
4870 1.553327 1.444435 104.397731
4871 1.553327 1.444435 103.397731
4872 1.553327 1.444435 106.397731
4873 1.553327 1.444435 102.397731
4874 1.553327 1.444435 107.397731
4875 1.553327 1.444435 100.397731
4876 1.553327 1.444435 109.397731
4877 1.553327 1.444435 98.397731
4878 1.553327 1.444435 112.397731
4879 1.553327 1.444435 96.397731
4880 1.553327 1.444435 115.397731
4881 1.553327 1.444435 94.397731
4882 1.553327 1.444435 118.397731
4883 1.553327 1.444435 92.397731
4884 1.553327 1.444435 121.397731
4885 1.553327 1.444435 89.397731
4886 1.553327 1.444435 125.397731
4887 1.553327 1.444435 86.397731
4888 1.553327 1.444435 129.397731
4889 1.553327 1.444435 83.397731
4890 1.553327 1.444435 133.397731
4891 1.553327 1.444435 80.397731
4892 1.553327 1.444435 137.397731
4893 1.553327 1.444435 76.397731
4894 1.553327 1.464435 104.397731
4895 1.553327 1.464435 103.397731
4896 1.553327 1.464435 106.397731
4897 1.553327 1.464435 102.397731
4898 1.553327 1.464435 107.397731
4899 1.553327 1.464435 100.397731
4900 1.553327 1.464435 109.397731
4901 1.553327 1.464435 98.397731
4902 1.553327 1.464435 112.397731
4903 1.553327 1.464435 96.397731
4904 1.553327 1.464435 115.397731
4905 1.553327 1.464435 94.397731
4906 1.553327 1.464435 118.397731
4907 1.553327 1.464435 92.397731
4908 1.553327 1.464435 121.397731
4909 1.553327 1.464435 89.397731
4910 1.553327 1.464435 125.397731
4911 1.553327 1.464435 86.397731
4912 1.553327 1.464435 129.397731
4913 1.553327 1.464435 83.397731
4914 1.553327 1.464435 133.397731
4915 1.553327 1.464435 80.397731
4916 1.553327 1.464435 137.397731
4917 1.553327 1.434435 104.397731
4918 1.553327 1.434435 103.397731
4919 1.553327 1.434435 106.397731
4920 1.553327 1.434435 102.397731
4921 1.553327 1.434435 107.397731
4922 1.553327 1.434435 100.397731
4923 1.553327 1.434435 109.397731
4924 1.553327 1.434435 98.397731
4925 1.553327 1.434435 112.397731
4926 1.553327 1.434435 96.397731
4927 1.553327 1.434435 115.397731
4928 1.553327 1.434435 94.397731
4929 1.553327 1.434435 118.397731
4930 1.553327 1.434435 92.397731
4931 1.553327 1.434435 121.397731
4932 1.553327 1.434435 89.397731
4933 1.553327 1.434435 125.397731
4934 1.553327 1.434435 86.397731
4935 1.553327 1.434435 129.397731
4936 1.553327 1.434435 83.397731
4937 1.553327 1.434435 133.397731
4938 1.553327 1.434435 80.397731
4939 1.553327 1.474435 104.397731
4940 1.553327 1.474435 103.397731
4941 1.553327 1.474435 106.397731
4942 1.553327 1.474435 102.397731
4943 1.553327 1.474435 107.397731
4944 1.553327 1.474435 100.397731
4945 1.553327 1.474435 109.397731
4946 1.553327 1.474435 98.397731
4947 1.553327 1.474435 112.397731
4948 1.553327 1.474435 96.397731
4949 1.553327 1.474435 115.397731
4950 1.553327 1.474435 94.397731
4951 1.553327 1.474435 118.397731
4952 1.553327 1.474435 92.397731
4953 1.553327 1.474435 121.397731
4954 1.553327 1.474435 89.397731
4955 1.553327 1.474435 125.397731
4956 1.553327 1.474435 86.397731
4957 1.553327 1.474435 129.397731
4958 1.553327 1.474435 83.397731
4959 1.553327 1.474435 133.397731
4960 1.553327 1.424435 104.397731
4961 1.553327 1.424435 103.397731
4962 1.553327 1.424435 106.397731
4963 1.553327 1.424435 102.397731
4964 1.553327 1.424435 107.397731
4965 1.553327 1.424435 100.397731
4966 1.553327 1.424435 109.397731
4967 1.553327 1.424435 98.397731
4968 1.553327 1.424435 112.397731
4969 1.553327 1.424435 96.397731
4970 1.553327 1.424435 115.397731
4971 1.553327 1.424435 94.397731
4972 1.553327 1.424435 118.397731
4973 1.553327 1.424435 92.397731
4974 1.553327 1.424435 121.397731
4975 1.553327 1.424435 89.397731
4976 1.553327 1.424435 125.397731
4977 1.553327 1.424435 86.397731
4978 1.553327 1.424435 129.397731
4979 1.553327 1.424435 83.397731
4980 1.553327 1.484435 104.397731
4981 1.553327 1.484435 103.397731
4982 1.553327 1.484435 106.397731
4983 1.553327 1.484435 102.397731
4984 1.553327 1.484435 107.397731
4985 1.553327 1.484435 100.397731
4986 1.553327 1.484435 109.397731
4987 1.553327 1.484435 98.397731
4988 1.553327 1.484435 112.397731
4989 1.553327 1.484435 96.397731
4990 1.553327 1.484435 115.397731
4991 1.553327 1.484435 94.397731
4992 1.553327 1.484435 118.397731
4993 1.553327 1.484435 92.397731
4994 1.553327 1.484435 121.397731
4995 1.553327 1.484435 89.397731
4996 1.553327 1.484435 125.397731
4997 1.553327 1.484435 86.397731
4998 1.553327 1.484435 129.397731
4999 1.553327 1.404435 104.397731
5000 1.553327 1.404435 103.397731
5001 1.553327 1.404435 106.397731
5002 1.553327 1.404435 102.397731
5003 1.553327 1.404435 107.397731
5004 1.553327 1.404435 100.397731
5005 1.553327 1.404435 109.397731
5006 1.553327 1.404435 98.397731
5007 1.553327 1.404435 112.397731
5008 1.553327 1.404435 96.397731
5009 1.553327 1.404435 115.397731
5010 1.553327 1.404435 94.397731
5011 1.553327 1.404435 118.397731
5012 1.553327 1.404435 92.397731
5013 1.553327 1.404435 121.397731
5014 1.553327 1.404435 89.397731
5015 1.553327 1.404435 125.397731
5016 1.553327 1.404435 86.397731
5017 1.553327 1.504435 104.397731
5018 1.553327 1.504435 103.397731
5019 1.553327 1.504435 106.397731
5020 1.553327 1.504435 102.397731
5021 1.553327 1.504435 107.397731
5022 1.553327 1.504435 100.397731
5023 1.553327 1.504435 109.397731
5024 1.553327 1.504435 98.397731
5025 1.553327 1.504435 112.397731
5026 1.553327 1.504435 96.397731
5027 1.553327 1.504435 115.397731
5028 1.553327 1.504435 94.397731
5029 1.553327 1.504435 118.397731
5030 1.553327 1.504435 92.397731
5031 1.553327 1.504435 121.397731
5032 1.553327 1.504435 89.397731
5033 1.553327 1.504435 125.397731
5034 1.553327 1.384435 104.397731
5035 1.553327 1.384435 103.397731
5036 1.553327 1.384435 106.397731
5037 1.553327 1.384435 102.397731
5038 1.553327 1.384435 107.397731
5039 1.553327 1.384435 100.397731
5040 1.553327 1.384435 109.397731
5041 1.553327 1.384435 98.397731
5042 1.553327 1.384435 112.397731
5043 1.553327 1.384435 96.397731
5044 1.553327 1.384435 115.397731
5045 1.553327 1.384435 94.397731
5046 1.553327 1.384435 118.397731
5047 1.553327 1.384435 92.397731
5048 1.553327 1.384435 121.397731
5049 1.553327 1.384435 89.397731
5050 1.553327 1.534435 104.397731
5051 1.553327 1.534435 103.397731
5052 1.553327 1.534435 106.397731
5053 1.553327 1.534435 102.397731
5054 1.553327 1.534435 107.397731
5055 1.553327 1.534435 100.397731
5056 1.553327 1.534435 109.397731
5057 1.553327 1.534435 98.397731
5058 1.553327 1.534435 112.397731
5059 1.553327 1.534435 96.397731
5060 1.553327 1.534435 115.397731
5061 1.553327 1.534435 94.397731
5062 1.553327 1.534435 118.397731
5063 1.553327 1.534435 92.397731
5064 1.553327 1.534435 121.397731
5065 1.553327 1.364435 104.397731
5066 1.553327 1.364435 103.397731
5067 1.553327 1.364435 106.397731
5068 1.553327 1.364435 102.397731
5069 1.553327 1.364435 107.397731
5070 1.553327 1.364435 100.397731
5071 1.553327 1.364435 109.397731
5072 1.553327 1.364435 98.397731
5073 1.553327 1.364435 112.397731
5074 1.553327 1.364435 96.397731
5075 1.553327 1.364435 115.397731
5076 1.553327 1.364435 94.397731
5077 1.553327 1.364435 118.397731
5078 1.553327 1.364435 92.397731
5079 1.553327 1.574435 104.397731
5080 1.553327 1.574435 103.397731
5081 1.553327 1.574435 106.397731
5082 1.553327 1.574435 102.397731
5083 1.553327 1.574435 107.397731
5084 1.553327 1.574435 100.397731
5085 1.553327 1.574435 109.397731
5086 1.553327 1.574435 98.397731
5087 1.553327 1.574435 112.397731
5088 1.553327 1.574435 96.397731
5089 1.553327 1.574435 115.397731
5090 1.553327 1.574435 94.397731
5091 1.553327 1.574435 118.397731
5092 1.553327 1.344435 104.397731
5093 1.553327 1.344435 103.397731
5094 1.553327 1.344435 106.397731
5095 1.553327 1.344435 102.397731
5096 1.553327 1.344435 107.397731
5097 1.553327 1.344435 100.397731
5098 1.553327 1.344435 109.397731
5099 1.553327 1.344435 98.397731
5100 1.553327 1.344435 112.397731
5101 1.553327 1.344435 96.397731
5102 1.553327 1.344435 115.397731
5103 1.553327 1.344435 94.397731
5104 1.553327 1.614435 104.397731
5105 1.553327 1.614435 103.397731
5106 1.553327 1.614435 106.397731
5107 1.553327 1.614435 102.397731
5108 1.553327 1.614435 107.397731
5109 1.553327 1.614435 100.397731
5110 1.553327 1.614435 109.397731
5111 1.553327 1.614435 98.397731
5112 1.553327 1.614435 112.397731
5113 1.553327 1.614435 96.397731
5114 1.553327 1.614435 115.397731
5115 1.553327 1.324435 104.397731
5116 1.553327 1.324435 103.397731
5117 1.553327 1.324435 106.397731
5118 1.553327 1.324435 102.397731
5119 1.553327 1.324435 107.397731
5120 1.553327 1.324435 100.397731
5121 1.553327 1.324435 109.397731
5122 1.553327 1.324435 98.397731
5123 1.553327 1.324435 112.397731
5124 1.553327 1.324435 96.397731
5125 1.553327 1.664435 104.397731
5126 1.553327 1.664435 103.397731
5127 1.553327 1.664435 106.397731
5128 1.553327 1.664435 102.397731
5129 1.553327 1.664435 107.397731
5130 1.553327 1.664435 100.397731
5131 1.553327 1.664435 109.397731
5132 1.553327 1.664435 98.397731
5133 1.553327 1.664435 112.397731
5134 1.553327 1.294435 104.397731
5135 1.553327 1.294435 103.397731
5136 1.553327 1.294435 106.397731
5137 1.553327 1.294435 102.397731
5138 1.553327 1.294435 107.397731
5139 1.553327 1.294435 100.397731
5140 1.553327 1.294435 109.397731
5141 1.553327 1.294435 98.397731
5142 1.553327 1.734435 104.397731
5143 1.553327 1.734435 103.397731
5144 1.553327 1.734435 106.397731
5145 1.553327 1.734435 102.397731
5146 1.553327 1.734435 107.397731
5147 1.553327 1.734435 100.397731
5148 1.553327 1.734435 109.397731
5149 1.553327 1.264435 104.397731
5150 1.553327 1.264435 103.397731
5151 1.553327 1.264435 106.397731
5152 1.553327 1.264435 102.397731
5153 1.553327 1.264435 107.397731
5154 1.553327 1.264435 100.397731
5155 1.553327 1.824435 104.397731
5156 1.553327 1.824435 103.397731
5157 1.553327 1.824435 106.397731
5158 1.553327 1.824435 102.397731
5159 1.553327 1.824435 107.397731
5160 1.553327 1.224435 104.397731
5161 1.553327 1.224435 103.397731
5162 1.553327 1.224435 106.397731
5163 1.553327 1.224435 102.397731
5164 1.553327 1.924435 104.397731
5165 1.553327 1.924435 103.397731
5166 1.553327 1.924435 106.397731
5167 1.553327 1.184435 104.397731
5168 1.553327 1.184435 103.397731
5169 1.553327 2.034435 104.397731
5170 1.413327 1.454435 104.397731
5171 1.413327 1.454435 103.397731
5172 1.413327 1.454435 106.397731
5173 1.413327 1.454435 102.397731
5174 1.413327 1.454435 107.397731
5175 1.413327 1.454435 100.397731
5176 1.413327 1.454435 109.397731
5177 1.413327 1.454435 98.397731
5178 1.413327 1.454435 112.397731
5179 1.413327 1.454435 96.397731
5180 1.413327 1.454435 115.397731
5181 1.413327 1.454435 94.397731
5182 1.413327 1.454435 118.397731
5183 1.413327 1.454435 92.397731
5184 1.413327 1.454435 121.397731
5185 1.413327 1.454435 89.397731
5186 1.413327 1.454435 125.397731
5187 1.413327 1.454435 86.397731
5188 1.413327 1.454435 129.397731
5189 1.413327 1.454435 83.397731
5190 1.413327 1.454435 133.397731
5191 1.413327 1.454435 80.397731
5192 1.413327 1.454435 137.397731
5193 1.413327 1.454435 76.397731
5194 1.413327 1.444435 104.397731
5195 1.413327 1.444435 103.397731
5196 1.413327 1.444435 106.397731
5197 1.413327 1.444435 102.397731
5198 1.413327 1.444435 107.397731
5199 1.413327 1.444435 100.397731
5200 1.413327 1.444435 109.397731
5201 1.413327 1.444435 98.397731
5202 1.413327 1.444435 112.397731
5203 1.413327 1.444435 96.397731
5204 1.413327 1.444435 115.397731
5205 1.413327 1.444435 94.397731
5206 1.413327 1.444435 118.397731
5207 1.413327 1.444435 92.397731
5208 1.413327 1.444435 121.397731
5209 1.413327 1.444435 89.397731
5210 1.413327 1.444435 125.397731
5211 1.413327 1.444435 86.397731
5212 1.413327 1.444435 129.397731
5213 1.413327 1.444435 83.397731
5214 1.413327 1.444435 133.397731
5215 1.413327 1.444435 80.397731
5216 1.413327 1.444435 137.397731
5217 1.413327 1.464435 104.397731
5218 1.413327 1.464435 103.397731
5219 1.413327 1.464435 106.397731
5220 1.413327 1.464435 102.397731
5221 1.413327 1.464435 107.397731
5222 1.413327 1.464435 100.397731
5223 1.413327 1.464435 109.397731
5224 1.413327 1.464435 98.397731
5225 1.413327 1.464435 112.397731
5226 1.413327 1.464435 96.397731
5227 1.413327 1.464435 115.397731
5228 1.413327 1.464435 94.397731
5229 1.413327 1.464435 118.397731
5230 1.413327 1.464435 92.397731
5231 1.413327 1.464435 121.397731
5232 1.413327 1.464435 89.397731
5233 1.413327 1.464435 125.397731
5234 1.413327 1.464435 86.397731
5235 1.413327 1.464435 129.397731
5236 1.413327 1.464435 83.397731
5237 1.413327 1.464435 133.397731
5238 1.413327 1.464435 80.397731
5239 1.413327 1.434435 104.397731
5240 1.413327 1.434435 103.397731
5241 1.413327 1.434435 106.397731
5242 1.413327 1.434435 102.397731
5243 1.413327 1.434435 107.397731
5244 1.413327 1.434435 100.397731
5245 1.413327 1.434435 109.397731
5246 1.413327 1.434435 98.397731
5247 1.413327 1.434435 112.397731
5248 1.413327 1.434435 96.397731
5249 1.413327 1.434435 115.397731
5250 1.413327 1.434435 94.397731
5251 1.413327 1.434435 118.397731
5252 1.413327 1.434435 92.397731
5253 1.413327 1.434435 121.397731
5254 1.413327 1.434435 89.397731
5255 1.413327 1.434435 125.397731
5256 1.413327 1.434435 86.397731
5257 1.413327 1.434435 129.397731
5258 1.413327 1.434435 83.397731
5259 1.413327 1.434435 133.397731
5260 1.413327 1.474435 104.397731
5261 1.413327 1.474435 103.397731
5262 1.413327 1.474435 106.397731
5263 1.413327 1.474435 102.397731
5264 1.413327 1.474435 107.397731
5265 1.413327 1.474435 100.397731
5266 1.413327 1.474435 109.397731
5267 1.413327 1.474435 98.397731
5268 1.413327 1.474435 112.397731
5269 1.413327 1.474435 96.397731
5270 1.413327 1.474435 115.397731
5271 1.413327 1.474435 94.397731
5272 1.413327 1.474435 118.397731
5273 1.413327 1.474435 92.397731
5274 1.413327 1.474435 121.397731
5275 1.413327 1.474435 89.397731
5276 1.413327 1.474435 125.397731
5277 1.413327 1.474435 86.397731
5278 1.413327 1.474435 129.397731
5279 1.413327 1.474435 83.397731
5280 1.413327 1.424435 104.397731
5281 1.413327 1.424435 103.397731
5282 1.413327 1.424435 106.397731
5283 1.413327 1.424435 102.397731
5284 1.413327 1.424435 107.397731
5285 1.413327 1.424435 100.397731
5286 1.413327 1.424435 109.397731
5287 1.413327 1.424435 98.397731
5288 1.413327 1.424435 112.397731
5289 1.413327 1.424435 96.397731
5290 1.413327 1.424435 115.397731
5291 1.413327 1.424435 94.397731
5292 1.413327 1.424435 118.397731
5293 1.413327 1.424435 92.397731
5294 1.413327 1.424435 121.397731
5295 1.413327 1.424435 89.397731
5296 1.413327 1.424435 125.397731
5297 1.413327 1.424435 86.397731
5298 1.413327 1.424435 129.397731
5299 1.413327 1.484435 104.397731
5300 1.413327 1.484435 103.397731
5301 1.413327 1.484435 106.397731
5302 1.413327 1.484435 102.397731
5303 1.413327 1.484435 107.397731
5304 1.413327 1.484435 100.397731
5305 1.413327 1.484435 109.397731
5306 1.413327 1.484435 98.397731
5307 1.413327 1.484435 112.397731
5308 1.413327 1.484435 96.397731
5309 1.413327 1.484435 115.397731
5310 1.413327 1.484435 94.397731
5311 1.413327 1.484435 118.397731
5312 1.413327 1.484435 92.397731
5313 1.413327 1.484435 121.397731
5314 1.413327 1.484435 89.397731
5315 1.413327 1.484435 125.397731
5316 1.413327 1.484435 86.397731
5317 1.413327 1.404435 104.397731
5318 1.413327 1.404435 103.397731
5319 1.413327 1.404435 106.397731
5320 1.413327 1.404435 102.397731
5321 1.413327 1.404435 107.397731
5322 1.413327 1.404435 100.397731
5323 1.413327 1.404435 109.397731
5324 1.413327 1.404435 98.397731
5325 1.413327 1.404435 112.397731
5326 1.413327 1.404435 96.397731
5327 1.413327 1.404435 115.397731
5328 1.413327 1.404435 94.397731
5329 1.413327 1.404435 118.397731
5330 1.413327 1.404435 92.397731
5331 1.413327 1.404435 121.397731
5332 1.413327 1.404435 89.397731
5333 1.413327 1.404435 125.397731
5334 1.413327 1.504435 104.397731
5335 1.413327 1.504435 103.397731
5336 1.413327 1.504435 106.397731
5337 1.413327 1.504435 102.397731
5338 1.413327 1.504435 107.397731
5339 1.413327 1.504435 100.397731
5340 1.413327 1.504435 109.397731
5341 1.413327 1.504435 98.397731
5342 1.413327 1.504435 112.397731
5343 1.413327 1.504435 96.397731
5344 1.413327 1.504435 115.397731
5345 1.413327 1.504435 94.397731
5346 1.413327 1.504435 118.397731
5347 1.413327 1.504435 92.397731
5348 1.413327 1.504435 121.397731
5349 1.413327 1.504435 89.397731
5350 1.413327 1.384435 104.397731
5351 1.413327 1.384435 103.397731
5352 1.413327 1.384435 106.397731
5353 1.413327 1.384435 102.397731
5354 1.413327 1.384435 107.397731
5355 1.413327 1.384435 100.397731
5356 1.413327 1.384435 109.397731
5357 1.413327 1.384435 98.397731
5358 1.413327 1.384435 112.397731
5359 1.413327 1.384435 96.397731
5360 1.413327 1.384435 115.397731
5361 1.413327 1.384435 94.397731
5362 1.413327 1.384435 118.397731
5363 1.413327 1.384435 92.397731
5364 1.413327 1.384435 121.397731
5365 1.413327 1.534435 104.397731
5366 1.413327 1.534435 103.397731
5367 1.413327 1.534435 106.397731
5368 1.413327 1.534435 102.397731
5369 1.413327 1.534435 107.397731
5370 1.413327 1.534435 100.397731
5371 1.413327 1.534435 109.397731
5372 1.413327 1.534435 98.397731
5373 1.413327 1.534435 112.397731
5374 1.413327 1.534435 96.397731
5375 1.413327 1.534435 115.397731
5376 1.413327 1.534435 94.397731
5377 1.413327 1.534435 118.397731
5378 1.413327 1.534435 92.397731
5379 1.413327 1.364435 104.397731
5380 1.413327 1.364435 103.397731
5381 1.413327 1.364435 106.397731
5382 1.413327 1.364435 102.397731
5383 1.413327 1.364435 107.397731
5384 1.413327 1.364435 100.397731
5385 1.413327 1.364435 109.397731
5386 1.413327 1.364435 98.397731
5387 1.413327 1.364435 112.397731
5388 1.413327 1.364435 96.397731
5389 1.413327 1.364435 115.397731
5390 1.413327 1.364435 94.397731
5391 1.413327 1.364435 118.397731
5392 1.413327 1.574435 104.397731
5393 1.413327 1.574435 103.397731
5394 1.413327 1.574435 106.397731
5395 1.413327 1.574435 102.397731
5396 1.413327 1.574435 107.397731
5397 1.413327 1.574435 100.397731
5398 1.413327 1.574435 109.397731
5399 1.413327 1.574435 98.397731
5400 1.413327 1.574435 112.397731
5401 1.413327 1.574435 96.397731
5402 1.413327 1.574435 115.397731
5403 1.413327 1.574435 94.397731
5404 1.413327 1.344435 104.397731
5405 1.413327 1.344435 103.397731
5406 1.413327 1.344435 106.397731
5407 1.413327 1.344435 102.397731
5408 1.413327 1.344435 107.397731
5409 1.413327 1.344435 100.397731
5410 1.413327 1.344435 109.397731
5411 1.413327 1.344435 98.397731
5412 1.413327 1.344435 112.397731
5413 1.413327 1.344435 96.397731
5414 1.413327 1.344435 115.397731
5415 1.413327 1.614435 104.397731
5416 1.413327 1.614435 103.397731
5417 1.413327 1.614435 106.397731
5418 1.413327 1.614435 102.397731
5419 1.413327 1.614435 107.397731
5420 1.413327 1.614435 100.397731
5421 1.413327 1.614435 109.397731
5422 1.413327 1.614435 98.397731
5423 1.413327 1.614435 112.397731
5424 1.413327 1.614435 96.397731
5425 1.413327 1.324435 104.397731
5426 1.413327 1.324435 103.397731
5427 1.413327 1.324435 106.397731
5428 1.413327 1.324435 102.397731
5429 1.413327 1.324435 107.397731
5430 1.413327 1.324435 100.397731
5431 1.413327 1.324435 109.397731
5432 1.413327 1.324435 98.397731
5433 1.413327 1.324435 112.397731
5434 1.413327 1.664435 104.397731
5435 1.413327 1.664435 103.397731
5436 1.413327 1.664435 106.397731
5437 1.413327 1.664435 102.397731
5438 1.413327 1.664435 107.397731
5439 1.413327 1.664435 100.397731
5440 1.413327 1.664435 109.397731
5441 1.413327 1.664435 98.397731
5442 1.413327 1.294435 104.397731
5443 1.413327 1.294435 103.397731
5444 1.413327 1.294435 106.397731
5445 1.413327 1.294435 102.397731
5446 1.413327 1.294435 107.397731
5447 1.413327 1.294435 100.397731
5448 1.413327 1.294435 109.397731
5449 1.413327 1.734435 104.397731
5450 1.413327 1.734435 103.397731
5451 1.413327 1.734435 106.397731
5452 1.413327 1.734435 102.397731
5453 1.413327 1.734435 107.397731
5454 1.413327 1.734435 100.397731
5455 1.413327 1.264435 104.397731
5456 1.413327 1.264435 103.397731
5457 1.413327 1.264435 106.397731
5458 1.413327 1.264435 102.397731
5459 1.413327 1.264435 107.397731
5460 1.413327 1.824435 104.397731
5461 1.413327 1.824435 103.397731
5462 1.413327 1.824435 106.397731
5463 1.413327 1.824435 102.397731
5464 1.413327 1.224435 104.397731
5465 1.413327 1.224435 103.397731
5466 1.413327 1.224435 106.397731
5467 1.413327 1.924435 104.397731
5468 1.413327 1.924435 103.397731
5469 1.413327 1.184435 104.397731
5470 1.573327 1.454435 104.397731
5471 1.573327 1.454435 103.397731
5472 1.573327 1.454435 106.397731
5473 1.573327 1.454435 102.397731
5474 1.573327 1.454435 107.397731
5475 1.573327 1.454435 100.397731
5476 1.573327 1.454435 109.397731
5477 1.573327 1.454435 98.397731
5478 1.573327 1.454435 112.397731
5479 1.573327 1.454435 96.397731
5480 1.573327 1.454435 115.397731
5481 1.573327 1.454435 94.397731
5482 1.573327 1.454435 118.397731
5483 1.573327 1.454435 92.397731
5484 1.573327 1.454435 121.397731
5485 1.573327 1.454435 89.397731
5486 1.573327 1.454435 125.397731
5487 1.573327 1.454435 86.397731
5488 1.573327 1.454435 129.397731
5489 1.573327 1.454435 83.397731
5490 1.573327 1.454435 133.397731
5491 1.573327 1.454435 80.397731
5492 1.573327 1.454435 137.397731
5493 1.573327 1.444435 104.397731
5494 1.573327 1.444435 103.397731
5495 1.573327 1.444435 106.397731
5496 1.573327 1.444435 102.397731
5497 1.573327 1.444435 107.397731
5498 1.573327 1.444435 100.397731
5499 1.573327 1.444435 109.397731
5500 1.573327 1.444435 98.397731
5501 1.573327 1.444435 112.397731
5502 1.573327 1.444435 96.397731
5503 1.573327 1.444435 115.397731
5504 1.573327 1.444435 94.397731
5505 1.573327 1.444435 118.397731
5506 1.573327 1.444435 92.397731
5507 1.573327 1.444435 121.397731
5508 1.573327 1.444435 89.397731
5509 1.573327 1.444435 125.397731
5510 1.573327 1.444435 86.397731
5511 1.573327 1.444435 129.397731
5512 1.573327 1.444435 83.397731
5513 1.573327 1.444435 133.397731
5514 1.573327 1.444435 80.397731
5515 1.573327 1.464435 104.397731
5516 1.573327 1.464435 103.397731
5517 1.573327 1.464435 106.397731
5518 1.573327 1.464435 102.397731
5519 1.573327 1.464435 107.397731
5520 1.573327 1.464435 100.397731
5521 1.573327 1.464435 109.397731
5522 1.573327 1.464435 98.397731
5523 1.573327 1.464435 112.397731
5524 1.573327 1.464435 96.397731
5525 1.573327 1.464435 115.397731
5526 1.573327 1.464435 94.397731
5527 1.573327 1.464435 118.397731
5528 1.573327 1.464435 92.397731
5529 1.573327 1.464435 121.397731
5530 1.573327 1.464435 89.397731
5531 1.573327 1.464435 125.397731
5532 1.573327 1.464435 86.397731
5533 1.573327 1.464435 129.397731
5534 1.573327 1.464435 83.397731
5535 1.573327 1.464435 133.397731
5536 1.573327 1.434435 104.397731
5537 1.573327 1.434435 103.397731
5538 1.573327 1.434435 106.397731
5539 1.573327 1.434435 102.397731
5540 1.573327 1.434435 107.397731
5541 1.573327 1.434435 100.397731
5542 1.573327 1.434435 109.397731
5543 1.573327 1.434435 98.397731
5544 1.573327 1.434435 112.397731
5545 1.573327 1.434435 96.397731
5546 1.573327 1.434435 115.397731
5547 1.573327 1.434435 94.397731
5548 1.573327 1.434435 118.397731
5549 1.573327 1.434435 92.397731
5550 1.573327 1.434435 121.397731
5551 1.573327 1.434435 89.397731
5552 1.573327 1.434435 125.397731
5553 1.573327 1.434435 86.397731
5554 1.573327 1.434435 129.397731
5555 1.573327 1.434435 83.397731
5556 1.573327 1.474435 104.397731
5557 1.573327 1.474435 103.397731
5558 1.573327 1.474435 106.397731
5559 1.573327 1.474435 102.397731
5560 1.573327 1.474435 107.397731
5561 1.573327 1.474435 100.397731
5562 1.573327 1.474435 109.397731
5563 1.573327 1.474435 98.397731
5564 1.573327 1.474435 112.397731
5565 1.573327 1.474435 96.397731
5566 1.573327 1.474435 115.397731
5567 1.573327 1.474435 94.397731
5568 1.573327 1.474435 118.397731
5569 1.573327 1.474435 92.397731
5570 1.573327 1.474435 121.397731
5571 1.573327 1.474435 89.397731
5572 1.573327 1.474435 125.397731
5573 1.573327 1.474435 86.397731
5574 1.573327 1.474435 129.397731
5575 1.573327 1.424435 104.397731
5576 1.573327 1.424435 103.397731
5577 1.573327 1.424435 106.397731
5578 1.573327 1.424435 102.397731
5579 1.573327 1.424435 107.397731
5580 1.573327 1.424435 100.397731
5581 1.573327 1.424435 109.397731
5582 1.573327 1.424435 98.397731
5583 1.573327 1.424435 112.397731
5584 1.573327 1.424435 96.397731
5585 1.573327 1.424435 115.397731
5586 1.573327 1.424435 94.397731
5587 1.573327 1.424435 118.397731
5588 1.573327 1.424435 92.397731
5589 1.573327 1.424435 121.397731
5590 1.573327 1.424435 89.397731
5591 1.573327 1.424435 125.397731
5592 1.573327 1.424435 86.397731
5593 1.573327 1.484435 104.397731
5594 1.573327 1.484435 103.397731
5595 1.573327 1.484435 106.397731
5596 1.573327 1.484435 102.397731
5597 1.573327 1.484435 107.397731
5598 1.573327 1.484435 100.397731
5599 1.573327 1.484435 109.397731
5600 1.573327 1.484435 98.397731
5601 1.573327 1.484435 112.397731
5602 1.573327 1.484435 96.397731
5603 1.573327 1.484435 115.397731
5604 1.573327 1.484435 94.397731
5605 1.573327 1.484435 118.397731
5606 1.573327 1.484435 92.397731
5607 1.573327 1.484435 121.397731
5608 1.573327 1.484435 89.397731
5609 1.573327 1.484435 125.397731
5610 1.573327 1.404435 104.397731
5611 1.573327 1.404435 103.397731
5612 1.573327 1.404435 106.397731
5613 1.573327 1.404435 102.397731
5614 1.573327 1.404435 107.397731
5615 1.573327 1.404435 100.397731
5616 1.573327 1.404435 109.397731
5617 1.573327 1.404435 98.397731
5618 1.573327 1.404435 112.397731
5619 1.573327 1.404435 96.397731
5620 1.573327 1.404435 115.397731
5621 1.573327 1.404435 94.397731
5622 1.573327 1.404435 118.397731
5623 1.573327 1.404435 92.397731
5624 1.573327 1.404435 121.397731
5625 1.573327 1.404435 89.397731
5626 1.573327 1.504435 104.397731
5627 1.573327 1.504435 103.397731
5628 1.573327 1.504435 106.397731
5629 1.573327 1.504435 102.397731
5630 1.573327 1.504435 107.397731
5631 1.573327 1.504435 100.397731
5632 1.573327 1.504435 109.397731
5633 1.573327 1.504435 98.397731
5634 1.573327 1.504435 112.397731
5635 1.573327 1.504435 96.397731
5636 1.573327 1.504435 115.397731
5637 1.573327 1.504435 94.397731
5638 1.573327 1.504435 118.397731
5639 1.573327 1.504435 92.397731
5640 1.573327 1.504435 121.397731
5641 1.573327 1.384435 104.397731
5642 1.573327 1.384435 103.397731
5643 1.573327 1.384435 106.397731
5644 1.573327 1.384435 102.397731
5645 1.573327 1.384435 107.397731
5646 1.573327 1.384435 100.397731
5647 1.573327 1.384435 109.397731
5648 1.573327 1.384435 98.397731
5649 1.573327 1.384435 112.397731
5650 1.573327 1.384435 96.397731
5651 1.573327 1.384435 115.397731
5652 1.573327 1.384435 94.397731
5653 1.573327 1.384435 118.397731
5654 1.573327 1.384435 92.397731
5655 1.573327 1.534435 104.397731
5656 1.573327 1.534435 103.397731
5657 1.573327 1.534435 106.397731
5658 1.573327 1.534435 102.397731
5659 1.573327 1.534435 107.397731
5660 1.573327 1.534435 100.397731
5661 1.573327 1.534435 109.397731
5662 1.573327 1.534435 98.397731
5663 1.573327 1.534435 112.397731
5664 1.573327 1.534435 96.397731
5665 1.573327 1.534435 115.397731
5666 1.573327 1.534435 94.397731
5667 1.573327 1.534435 118.397731
5668 1.573327 1.364435 104.397731
5669 1.573327 1.364435 103.397731
5670 1.573327 1.364435 106.397731
5671 1.573327 1.364435 102.397731
5672 1.573327 1.364435 107.397731
5673 1.573327 1.364435 100.397731
5674 1.573327 1.364435 109.397731
5675 1.573327 1.364435 98.397731
5676 1.573327 1.364435 112.397731
5677 1.573327 1.364435 96.397731
5678 1.573327 1.364435 115.397731
5679 1.573327 1.364435 94.397731
5680 1.573327 1.574435 104.397731
5681 1.573327 1.574435 103.397731
5682 1.573327 1.574435 106.397731
5683 1.573327 1.574435 102.397731
5684 1.573327 1.574435 107.397731
5685 1.573327 1.574435 100.397731
5686 1.573327 1.574435 109.397731
5687 1.573327 1.574435 98.397731
5688 1.573327 1.574435 112.397731
5689 1.573327 1.574435 96.397731
5690 1.573327 1.574435 115.397731
5691 1.573327 1.344435 104.397731
5692 1.573327 1.344435 103.397731
5693 1.573327 1.344435 106.397731
5694 1.573327 1.344435 102.397731
5695 1.573327 1.344435 107.397731
5696 1.573327 1.344435 100.397731
5697 1.573327 1.344435 109.397731
5698 1.573327 1.344435 98.397731
5699 1.573327 1.344435 112.397731
5700 1.573327 1.344435 96.397731
5701 1.573327 1.614435 104.397731
5702 1.573327 1.614435 103.397731
5703 1.573327 1.614435 106.397731
5704 1.573327 1.614435 102.397731
5705 1.573327 1.614435 107.397731
5706 1.573327 1.614435 100.397731
5707 1.573327 1.614435 109.397731
5708 1.573327 1.614435 98.397731
5709 1.573327 1.614435 112.397731
5710 1.573327 1.324435 104.397731
5711 1.573327 1.324435 103.397731
5712 1.573327 1.324435 106.397731
5713 1.573327 1.324435 102.397731
5714 1.573327 1.324435 107.397731
5715 1.573327 1.324435 100.397731
5716 1.573327 1.324435 109.397731
5717 1.573327 1.324435 98.397731
5718 1.573327 1.664435 104.397731
5719 1.573327 1.664435 103.397731
5720 1.573327 1.664435 106.397731
5721 1.573327 1.664435 102.397731
5722 1.573327 1.664435 107.397731
5723 1.573327 1.664435 100.397731
5724 1.573327 1.664435 109.397731
5725 1.573327 1.294435 104.397731
5726 1.573327 1.294435 103.397731
5727 1.573327 1.294435 106.397731
5728 1.573327 1.294435 102.397731
5729 1.573327 1.294435 107.397731
5730 1.573327 1.294435 100.397731
5731 1.573327 1.734435 104.397731
5732 1.573327 1.734435 103.397731
5733 1.573327 1.734435 106.397731
5734 1.573327 1.734435 102.397731
5735 1.573327 1.734435 107.397731
5736 1.573327 1.264435 104.397731
5737 1.573327 1.264435 103.397731
5738 1.573327 1.264435 106.397731
5739 1.573327 1.264435 102.397731
5740 1.573327 1.824435 104.397731
5741 1.573327 1.824435 103.397731
5742 1.573327 1.824435 106.397731
5743 1.573327 1.224435 104.397731
5744 1.573327 1.224435 103.397731
5745 1.573327 1.924435 104.397731
5746 1.403327 1.454435 104.397731
5747 1.403327 1.454435 103.397731
5748 1.403327 1.454435 106.397731
5749 1.403327 1.454435 102.397731
5750 1.403327 1.454435 107.397731
5751 1.403327 1.454435 100.397731
5752 1.403327 1.454435 109.397731
5753 1.403327 1.454435 98.397731
5754 1.403327 1.454435 112.397731
5755 1.403327 1.454435 96.397731
5756 1.403327 1.454435 115.397731
5757 1.403327 1.454435 94.397731
5758 1.403327 1.454435 118.397731
5759 1.403327 1.454435 92.397731
5760 1.403327 1.454435 121.397731
5761 1.403327 1.454435 89.397731
5762 1.403327 1.454435 125.397731
5763 1.403327 1.454435 86.397731
5764 1.403327 1.454435 129.397731
5765 1.403327 1.454435 83.397731
5766 1.403327 1.454435 133.397731
5767 1.403327 1.454435 80.397731
5768 1.403327 1.444435 104.397731
5769 1.403327 1.444435 103.397731
5770 1.403327 1.444435 106.397731
5771 1.403327 1.444435 102.397731
5772 1.403327 1.444435 107.397731
5773 1.403327 1.444435 100.397731
5774 1.403327 1.444435 109.397731
5775 1.403327 1.444435 98.397731
5776 1.403327 1.444435 112.397731
5777 1.403327 1.444435 96.397731
5778 1.403327 1.444435 115.397731
5779 1.403327 1.444435 94.397731
5780 1.403327 1.444435 118.397731
5781 1.403327 1.444435 92.397731
5782 1.403327 1.444435 121.397731
5783 1.403327 1.444435 89.397731
5784 1.403327 1.444435 125.397731
5785 1.403327 1.444435 86.397731
5786 1.403327 1.444435 129.397731
5787 1.403327 1.444435 83.397731
5788 1.403327 1.444435 133.397731
5789 1.403327 1.464435 104.397731
5790 1.403327 1.464435 103.397731
5791 1.403327 1.464435 106.397731
5792 1.403327 1.464435 102.397731
5793 1.403327 1.464435 107.397731
5794 1.403327 1.464435 100.397731
5795 1.403327 1.464435 109.397731
5796 1.403327 1.464435 98.397731
5797 1.403327 1.464435 112.397731
5798 1.403327 1.464435 96.397731
5799 1.403327 1.464435 115.397731
5800 1.403327 1.464435 94.397731
5801 1.403327 1.464435 118.397731
5802 1.403327 1.464435 92.397731
5803 1.403327 1.464435 121.397731
5804 1.403327 1.464435 89.397731
5805 1.403327 1.464435 125.397731
5806 1.403327 1.464435 86.397731
5807 1.403327 1.464435 129.397731
5808 1.403327 1.464435 83.397731
5809 1.403327 1.434435 104.397731
5810 1.403327 1.434435 103.397731
5811 1.403327 1.434435 106.397731
5812 1.403327 1.434435 102.397731
5813 1.403327 1.434435 107.397731
5814 1.403327 1.434435 100.397731
5815 1.403327 1.434435 109.397731
5816 1.403327 1.434435 98.397731
5817 1.403327 1.434435 112.397731
5818 1.403327 1.434435 96.397731
5819 1.403327 1.434435 115.397731
5820 1.403327 1.434435 94.397731
5821 1.403327 1.434435 118.397731
5822 1.403327 1.434435 92.397731
5823 1.403327 1.434435 121.397731
5824 1.403327 1.434435 89.397731
5825 1.403327 1.434435 125.397731
5826 1.403327 1.434435 86.397731
5827 1.403327 1.434435 129.397731
5828 1.403327 1.474435 104.397731
5829 1.403327 1.474435 103.397731
5830 1.403327 1.474435 106.397731
5831 1.403327 1.474435 102.397731
5832 1.403327 1.474435 107.397731
5833 1.403327 1.474435 100.397731
5834 1.403327 1.474435 109.397731
5835 1.403327 1.474435 98.397731
5836 1.403327 1.474435 112.397731
5837 1.403327 1.474435 96.397731
5838 1.403327 1.474435 115.397731
5839 1.403327 1.474435 94.397731
5840 1.403327 1.474435 118.397731
5841 1.403327 1.474435 92.397731
5842 1.403327 1.474435 121.397731
5843 1.403327 1.474435 89.397731
5844 1.403327 1.474435 125.397731
5845 1.403327 1.474435 86.397731
5846 1.403327 1.424435 104.397731
5847 1.403327 1.424435 103.397731
5848 1.403327 1.424435 106.397731
5849 1.403327 1.424435 102.397731
5850 1.403327 1.424435 107.397731
5851 1.403327 1.424435 100.397731
5852 1.403327 1.424435 109.397731
5853 1.403327 1.424435 98.397731
5854 1.403327 1.424435 112.397731
5855 1.403327 1.424435 96.397731
5856 1.403327 1.424435 115.397731
5857 1.403327 1.424435 94.397731
5858 1.403327 1.424435 118.397731
5859 1.403327 1.424435 92.397731
5860 1.403327 1.424435 121.397731
5861 1.403327 1.424435 89.397731
5862 1.403327 1.424435 125.397731
5863 1.403327 1.484435 104.397731
5864 1.403327 1.484435 103.397731
5865 1.403327 1.484435 106.397731
5866 1.403327 1.484435 102.397731
5867 1.403327 1.484435 107.397731
5868 1.403327 1.484435 100.397731
5869 1.403327 1.484435 109.397731
5870 1.403327 1.484435 98.397731
5871 1.403327 1.484435 112.397731
5872 1.403327 1.484435 96.397731
5873 1.403327 1.484435 115.397731
5874 1.403327 1.484435 94.397731
5875 1.403327 1.484435 118.397731
5876 1.403327 1.484435 92.397731
5877 1.403327 1.484435 121.397731
5878 1.403327 1.484435 89.397731
5879 1.403327 1.404435 104.397731
5880 1.403327 1.404435 103.397731
5881 1.403327 1.404435 106.397731
5882 1.403327 1.404435 102.397731
5883 1.403327 1.404435 107.397731
5884 1.403327 1.404435 100.397731
5885 1.403327 1.404435 109.397731
5886 1.403327 1.404435 98.397731
5887 1.403327 1.404435 112.397731
5888 1.403327 1.404435 96.397731
5889 1.403327 1.404435 115.397731
5890 1.403327 1.404435 94.397731
5891 1.403327 1.404435 118.397731
5892 1.403327 1.404435 92.397731
5893 1.403327 1.404435 121.397731
5894 1.403327 1.504435 104.397731
5895 1.403327 1.504435 103.397731
5896 1.403327 1.504435 106.397731
5897 1.403327 1.504435 102.397731
5898 1.403327 1.504435 107.397731
5899 1.403327 1.504435 100.397731
5900 1.403327 1.504435 109.397731
5901 1.403327 1.504435 98.397731
5902 1.403327 1.504435 112.397731
5903 1.403327 1.504435 96.397731
5904 1.403327 1.504435 115.397731
5905 1.403327 1.504435 94.397731
5906 1.403327 1.504435 118.397731
5907 1.403327 1.504435 92.397731
5908 1.403327 1.384435 104.397731
5909 1.403327 1.384435 103.397731
5910 1.403327 1.384435 106.397731
5911 1.403327 1.384435 102.397731
5912 1.403327 1.384435 107.397731
5913 1.403327 1.384435 100.397731
5914 1.403327 1.384435 109.397731
5915 1.403327 1.384435 98.397731
5916 1.403327 1.384435 112.397731
5917 1.403327 1.384435 96.397731
5918 1.403327 1.384435 115.397731
5919 1.403327 1.384435 94.397731
5920 1.403327 1.384435 118.397731
5921 1.403327 1.534435 104.397731
5922 1.403327 1.534435 103.397731
5923 1.403327 1.534435 106.397731
5924 1.403327 1.534435 102.397731
5925 1.403327 1.534435 107.397731
5926 1.403327 1.534435 100.397731
5927 1.403327 1.534435 109.397731
5928 1.403327 1.534435 98.397731
5929 1.403327 1.534435 112.397731
5930 1.403327 1.534435 96.397731
5931 1.403327 1.534435 115.397731
5932 1.403327 1.534435 94.397731
5933 1.403327 1.364435 104.397731
5934 1.403327 1.364435 103.397731
5935 1.403327 1.364435 106.397731
5936 1.403327 1.364435 102.397731
5937 1.403327 1.364435 107.397731
5938 1.403327 1.364435 100.397731
5939 1.403327 1.364435 109.397731
5940 1.403327 1.364435 98.397731
5941 1.403327 1.364435 112.397731
5942 1.403327 1.364435 96.397731
5943 1.403327 1.364435 115.397731
5944 1.403327 1.574435 104.397731
5945 1.403327 1.574435 103.397731
5946 1.403327 1.574435 106.397731
5947 1.403327 1.574435 102.397731
5948 1.403327 1.574435 107.397731
5949 1.403327 1.574435 100.397731
5950 1.403327 1.574435 109.397731
5951 1.403327 1.574435 98.397731
5952 1.403327 1.574435 112.397731
5953 1.403327 1.574435 96.397731
5954 1.403327 1.344435 104.397731
5955 1.403327 1.344435 103.397731
5956 1.403327 1.344435 106.397731
5957 1.403327 1.344435 102.397731
5958 1.403327 1.344435 107.397731
5959 1.403327 1.344435 100.397731
5960 1.403327 1.344435 109.397731
5961 1.403327 1.344435 98.397731
5962 1.403327 1.344435 112.397731
5963 1.403327 1.614435 104.397731
5964 1.403327 1.614435 103.397731
5965 1.403327 1.614435 106.397731
5966 1.403327 1.614435 102.397731
5967 1.403327 1.614435 107.397731
5968 1.403327 1.614435 100.397731
5969 1.403327 1.614435 109.397731
5970 1.403327 1.614435 98.397731
5971 1.403327 1.324435 104.397731
5972 1.403327 1.324435 103.397731
5973 1.403327 1.324435 106.397731
5974 1.403327 1.324435 102.397731
5975 1.403327 1.324435 107.397731
5976 1.403327 1.324435 100.397731
5977 1.403327 1.324435 109.397731
5978 1.403327 1.664435 104.397731
5979 1.403327 1.664435 103.397731
5980 1.403327 1.664435 106.397731
5981 1.403327 1.664435 102.397731
5982 1.403327 1.664435 107.397731
5983 1.403327 1.664435 100.397731
5984 1.403327 1.294435 104.397731
5985 1.403327 1.294435 103.397731
5986 1.403327 1.294435 106.397731
5987 1.403327 1.294435 102.397731
5988 1.403327 1.294435 107.397731
5989 1.403327 1.734435 104.397731
5990 1.403327 1.734435 103.397731
5991 1.403327 1.734435 106.397731
5992 1.403327 1.734435 102.397731
5993 1.403327 1.264435 104.397731
5994 1.403327 1.264435 103.397731
5995 1.403327 1.264435 106.397731
5996 1.403327 1.824435 104.397731
5997 1.403327 1.824435 103.397731
5998 1.403327 1.224435 104.397731
5999 1.593327 1.454435 104.397731
6000 1.593327 1.454435 103.397731
6001 1.593327 1.454435 106.397731
6002 1.593327 1.454435 102.397731
6003 1.593327 1.454435 107.397731
6004 1.593327 1.454435 100.397731
6005 1.593327 1.454435 109.397731
6006 1.593327 1.454435 98.397731
6007 1.593327 1.454435 112.397731
6008 1.593327 1.454435 96.397731
6009 1.593327 1.454435 115.397731
6010 1.593327 1.454435 94.397731
6011 1.593327 1.454435 118.397731
6012 1.593327 1.454435 92.397731
6013 1.593327 1.454435 121.397731
6014 1.593327 1.454435 89.397731
6015 1.593327 1.454435 125.397731
6016 1.593327 1.454435 86.397731
6017 1.593327 1.454435 129.397731
6018 1.593327 1.454435 83.397731
6019 1.593327 1.454435 133.397731
6020 1.593327 1.444435 104.397731
6021 1.593327 1.444435 103.397731
6022 1.593327 1.444435 106.397731
6023 1.593327 1.444435 102.397731
6024 1.593327 1.444435 107.397731
6025 1.593327 1.444435 100.397731
6026 1.593327 1.444435 109.397731
6027 1.593327 1.444435 98.397731
6028 1.593327 1.444435 112.397731
6029 1.593327 1.444435 96.397731
6030 1.593327 1.444435 115.397731
6031 1.593327 1.444435 94.397731
6032 1.593327 1.444435 118.397731
6033 1.593327 1.444435 92.397731
6034 1.593327 1.444435 121.397731
6035 1.593327 1.444435 89.397731
6036 1.593327 1.444435 125.397731
6037 1.593327 1.444435 86.397731
6038 1.593327 1.444435 129.397731
6039 1.593327 1.444435 83.397731
6040 1.593327 1.464435 104.397731
6041 1.593327 1.464435 103.397731
6042 1.593327 1.464435 106.397731
6043 1.593327 1.464435 102.397731
6044 1.593327 1.464435 107.397731
6045 1.593327 1.464435 100.397731
6046 1.593327 1.464435 109.397731
6047 1.593327 1.464435 98.397731
6048 1.593327 1.464435 112.397731
6049 1.593327 1.464435 96.397731
6050 1.593327 1.464435 115.397731
6051 1.593327 1.464435 94.397731
6052 1.593327 1.464435 118.397731
6053 1.593327 1.464435 92.397731
6054 1.593327 1.464435 121.397731
6055 1.593327 1.464435 89.397731
6056 1.593327 1.464435 125.397731
6057 1.593327 1.464435 86.397731
6058 1.593327 1.464435 129.397731
6059 1.593327 1.434435 104.397731
6060 1.593327 1.434435 103.397731
6061 1.593327 1.434435 106.397731
6062 1.593327 1.434435 102.397731
6063 1.593327 1.434435 107.397731
6064 1.593327 1.434435 100.397731
6065 1.593327 1.434435 109.397731
6066 1.593327 1.434435 98.397731
6067 1.593327 1.434435 112.397731
6068 1.593327 1.434435 96.397731
6069 1.593327 1.434435 115.397731
6070 1.593327 1.434435 94.397731
6071 1.593327 1.434435 118.397731
6072 1.593327 1.434435 92.397731
6073 1.593327 1.434435 121.397731
6074 1.593327 1.434435 89.397731
6075 1.593327 1.434435 125.397731
6076 1.593327 1.434435 86.397731
6077 1.593327 1.474435 104.397731
6078 1.593327 1.474435 103.397731
6079 1.593327 1.474435 106.397731
6080 1.593327 1.474435 102.397731
6081 1.593327 1.474435 107.397731
6082 1.593327 1.474435 100.397731
6083 1.593327 1.474435 109.397731
6084 1.593327 1.474435 98.397731
6085 1.593327 1.474435 112.397731
6086 1.593327 1.474435 96.397731
6087 1.593327 1.474435 115.397731
6088 1.593327 1.474435 94.397731
6089 1.593327 1.474435 118.397731
6090 1.593327 1.474435 92.397731
6091 1.593327 1.474435 121.397731
6092 1.593327 1.474435 89.397731
6093 1.593327 1.474435 125.397731
6094 1.593327 1.424435 104.397731
6095 1.593327 1.424435 103.397731
6096 1.593327 1.424435 106.397731
6097 1.593327 1.424435 102.397731
6098 1.593327 1.424435 107.397731
6099 1.593327 1.424435 100.397731
6100 1.593327 1.424435 109.397731
6101 1.593327 1.424435 98.397731
6102 1.593327 1.424435 112.397731
6103 1.593327 1.424435 96.397731
6104 1.593327 1.424435 115.397731
6105 1.593327 1.424435 94.397731
6106 1.593327 1.424435 118.397731
6107 1.593327 1.424435 92.397731
6108 1.593327 1.424435 121.397731
6109 1.593327 1.424435 89.397731
6110 1.593327 1.484435 104.397731
6111 1.593327 1.484435 103.397731
6112 1.593327 1.484435 106.397731
6113 1.593327 1.484435 102.397731
6114 1.593327 1.484435 107.397731
6115 1.593327 1.484435 100.397731
6116 1.593327 1.484435 109.397731
6117 1.593327 1.484435 98.397731
6118 1.593327 1.484435 112.397731
6119 1.593327 1.484435 96.397731
6120 1.593327 1.484435 115.397731
6121 1.593327 1.484435 94.397731
6122 1.593327 1.484435 118.397731
6123 1.593327 1.484435 92.397731
6124 1.593327 1.484435 121.397731
6125 1.593327 1.404435 104.397731
6126 1.593327 1.404435 103.397731
6127 1.593327 1.404435 106.397731
6128 1.593327 1.404435 102.397731
6129 1.593327 1.404435 107.397731
6130 1.593327 1.404435 100.397731
6131 1.593327 1.404435 109.397731
6132 1.593327 1.404435 98.397731
6133 1.593327 1.404435 112.397731
6134 1.593327 1.404435 96.397731
6135 1.593327 1.404435 115.397731
6136 1.593327 1.404435 94.397731
6137 1.593327 1.404435 118.397731
6138 1.593327 1.404435 92.397731
6139 1.593327 1.504435 104.397731
6140 1.593327 1.504435 103.397731
6141 1.593327 1.504435 106.397731
6142 1.593327 1.504435 102.397731
6143 1.593327 1.504435 107.397731
6144 1.593327 1.504435 100.397731
6145 1.593327 1.504435 109.397731
6146 1.593327 1.504435 98.397731
6147 1.593327 1.504435 112.397731
6148 1.593327 1.504435 96.397731
6149 1.593327 1.504435 115.397731
6150 1.593327 1.504435 94.397731
6151 1.593327 1.504435 118.397731
6152 1.593327 1.384435 104.397731
6153 1.593327 1.384435 103.397731
6154 1.593327 1.384435 106.397731
6155 1.593327 1.384435 102.397731
6156 1.593327 1.384435 107.397731
6157 1.593327 1.384435 100.397731
6158 1.593327 1.384435 109.397731
6159 1.593327 1.384435 98.397731
6160 1.593327 1.384435 112.397731
6161 1.593327 1.384435 96.397731
6162 1.593327 1.384435 115.397731
6163 1.593327 1.384435 94.397731
6164 1.593327 1.534435 104.397731
6165 1.593327 1.534435 103.397731
6166 1.593327 1.534435 106.397731
6167 1.593327 1.534435 102.397731
6168 1.593327 1.534435 107.397731
6169 1.593327 1.534435 100.397731
6170 1.593327 1.534435 109.397731
6171 1.593327 1.534435 98.397731
6172 1.593327 1.534435 112.397731
6173 1.593327 1.534435 96.397731
6174 1.593327 1.534435 115.397731
6175 1.593327 1.364435 104.397731
6176 1.593327 1.364435 103.397731
6177 1.593327 1.364435 106.397731
6178 1.593327 1.364435 102.397731
6179 1.593327 1.364435 107.397731
6180 1.593327 1.364435 100.397731
6181 1.593327 1.364435 109.397731
6182 1.593327 1.364435 98.397731
6183 1.593327 1.364435 112.397731
6184 1.593327 1.364435 96.397731
6185 1.593327 1.574435 104.397731
6186 1.593327 1.574435 103.397731
6187 1.593327 1.574435 106.397731
6188 1.593327 1.574435 102.397731
6189 1.593327 1.574435 107.397731
6190 1.593327 1.574435 100.397731
6191 1.593327 1.574435 109.397731
6192 1.593327 1.574435 98.397731
6193 1.593327 1.574435 112.397731
6194 1.593327 1.344435 104.397731
6195 1.593327 1.344435 103.397731
6196 1.593327 1.344435 106.397731
6197 1.593327 1.344435 102.397731
6198 1.593327 1.344435 107.397731
6199 1.593327 1.344435 100.397731
6200 1.593327 1.344435 109.397731
6201 1.593327 1.344435 98.397731
6202 1.593327 1.614435 104.397731
6203 1.593327 1.614435 103.397731
6204 1.593327 1.614435 106.397731
6205 1.593327 1.614435 102.397731
6206 1.593327 1.614435 107.397731
6207 1.593327 1.614435 100.397731
6208 1.593327 1.614435 109.397731
6209 1.593327 1.324435 104.397731
6210 1.593327 1.324435 103.397731
6211 1.593327 1.324435 106.397731
6212 1.593327 1.324435 102.397731
6213 1.593327 1.324435 107.397731
6214 1.593327 1.324435 100.397731
6215 1.593327 1.664435 104.397731
6216 1.593327 1.664435 103.397731
6217 1.593327 1.664435 106.397731
6218 1.593327 1.664435 102.397731
6219 1.593327 1.664435 107.397731
6220 1.593327 1.294435 104.397731
6221 1.593327 1.294435 103.397731
6222 1.593327 1.294435 106.397731
6223 1.593327 1.294435 102.397731
6224 1.593327 1.734435 104.397731
6225 1.593327 1.734435 103.397731
6226 1.593327 1.734435 106.397731
6227 1.593327 1.264435 104.397731
6228 1.593327 1.264435 103.397731
6229 1.593327 1.824435 104.397731
6230 1.383327 1.454435 104.397731
6231 1.383327 1.454435 103.397731
6232 1.383327 1.454435 106.397731
6233 1.383327 1.454435 102.397731
6234 1.383327 1.454435 107.397731
6235 1.383327 1.454435 100.397731
6236 1.383327 1.454435 109.397731
6237 1.383327 1.454435 98.397731
6238 1.383327 1.454435 112.397731
6239 1.383327 1.454435 96.397731
6240 1.383327 1.454435 115.397731
6241 1.383327 1.454435 94.397731
6242 1.383327 1.454435 118.397731
6243 1.383327 1.454435 92.397731
6244 1.383327 1.454435 121.397731
6245 1.383327 1.454435 89.397731
6246 1.383327 1.454435 125.397731
6247 1.383327 1.454435 86.397731
6248 1.383327 1.454435 129.397731
6249 1.383327 1.454435 83.397731
6250 1.383327 1.444435 104.397731
6251 1.383327 1.444435 103.397731
6252 1.383327 1.444435 106.397731
6253 1.383327 1.444435 102.397731
6254 1.383327 1.444435 107.397731
6255 1.383327 1.444435 100.397731
6256 1.383327 1.444435 109.397731
6257 1.383327 1.444435 98.397731
6258 1.383327 1.444435 112.397731
6259 1.383327 1.444435 96.397731
6260 1.383327 1.444435 115.397731
6261 1.383327 1.444435 94.397731
6262 1.383327 1.444435 118.397731
6263 1.383327 1.444435 92.397731
6264 1.383327 1.444435 121.397731
6265 1.383327 1.444435 89.397731
6266 1.383327 1.444435 125.397731
6267 1.383327 1.444435 86.397731
6268 1.383327 1.444435 129.397731
6269 1.383327 1.464435 104.397731
6270 1.383327 1.464435 103.397731
6271 1.383327 1.464435 106.397731
6272 1.383327 1.464435 102.397731
6273 1.383327 1.464435 107.397731
6274 1.383327 1.464435 100.397731
6275 1.383327 1.464435 109.397731
6276 1.383327 1.464435 98.397731
6277 1.383327 1.464435 112.397731
6278 1.383327 1.464435 96.397731
6279 1.383327 1.464435 115.397731
6280 1.383327 1.464435 94.397731
6281 1.383327 1.464435 118.397731
6282 1.383327 1.464435 92.397731
6283 1.383327 1.464435 121.397731
6284 1.383327 1.464435 89.397731
6285 1.383327 1.464435 125.397731
6286 1.383327 1.464435 86.397731
6287 1.383327 1.434435 104.397731
6288 1.383327 1.434435 103.397731
6289 1.383327 1.434435 106.397731
6290 1.383327 1.434435 102.397731
6291 1.383327 1.434435 107.397731
6292 1.383327 1.434435 100.397731
6293 1.383327 1.434435 109.397731
6294 1.383327 1.434435 98.397731
6295 1.383327 1.434435 112.397731
6296 1.383327 1.434435 96.397731
6297 1.383327 1.434435 115.397731
6298 1.383327 1.434435 94.397731
6299 1.383327 1.434435 118.397731
6300 1.383327 1.434435 92.397731
6301 1.383327 1.434435 121.397731
6302 1.383327 1.434435 89.397731
6303 1.383327 1.434435 125.397731
6304 1.383327 1.474435 104.397731
6305 1.383327 1.474435 103.397731
6306 1.383327 1.474435 106.397731
6307 1.383327 1.474435 102.397731
6308 1.383327 1.474435 107.397731
6309 1.383327 1.474435 100.397731
6310 1.383327 1.474435 109.397731
6311 1.383327 1.474435 98.397731
6312 1.383327 1.474435 112.397731
6313 1.383327 1.474435 96.397731
6314 1.383327 1.474435 115.397731
6315 1.383327 1.474435 94.397731
6316 1.383327 1.474435 118.397731
6317 1.383327 1.474435 92.397731
6318 1.383327 1.474435 121.397731
6319 1.383327 1.474435 89.397731
6320 1.383327 1.424435 104.397731
6321 1.383327 1.424435 103.397731
6322 1.383327 1.424435 106.397731
6323 1.383327 1.424435 102.397731
6324 1.383327 1.424435 107.397731
6325 1.383327 1.424435 100.397731
6326 1.383327 1.424435 109.397731
6327 1.383327 1.424435 98.397731
6328 1.383327 1.424435 112.397731
6329 1.383327 1.424435 96.397731
6330 1.383327 1.424435 115.397731
6331 1.383327 1.424435 94.397731
6332 1.383327 1.424435 118.397731
6333 1.383327 1.424435 92.397731
6334 1.383327 1.424435 121.397731
6335 1.383327 1.484435 104.397731
6336 1.383327 1.484435 103.397731
6337 1.383327 1.484435 106.397731
6338 1.383327 1.484435 102.397731
6339 1.383327 1.484435 107.397731
6340 1.383327 1.484435 100.397731
6341 1.383327 1.484435 109.397731
6342 1.383327 1.484435 98.397731
6343 1.383327 1.484435 112.397731
6344 1.383327 1.484435 96.397731
6345 1.383327 1.484435 115.397731
6346 1.383327 1.484435 94.397731
6347 1.383327 1.484435 118.397731
6348 1.383327 1.484435 92.397731
6349 1.383327 1.404435 104.397731
6350 1.383327 1.404435 103.397731
6351 1.383327 1.404435 106.397731
6352 1.383327 1.404435 102.397731
6353 1.383327 1.404435 107.397731
6354 1.383327 1.404435 100.397731
6355 1.383327 1.404435 109.397731
6356 1.383327 1.404435 98.397731
6357 1.383327 1.404435 112.397731
6358 1.383327 1.404435 96.397731
6359 1.383327 1.404435 115.397731
6360 1.383327 1.404435 94.397731
6361 1.383327 1.404435 118.397731
6362 1.383327 1.504435 104.397731
6363 1.383327 1.504435 103.397731
6364 1.383327 1.504435 106.397731
6365 1.383327 1.504435 102.397731
6366 1.383327 1.504435 107.397731
6367 1.383327 1.504435 100.397731
6368 1.383327 1.504435 109.397731
6369 1.383327 1.504435 98.397731
6370 1.383327 1.504435 112.397731
6371 1.383327 1.504435 96.397731
6372 1.383327 1.504435 115.397731
6373 1.383327 1.504435 94.397731
6374 1.383327 1.384435 104.397731
6375 1.383327 1.384435 103.397731
6376 1.383327 1.384435 106.397731
6377 1.383327 1.384435 102.397731
6378 1.383327 1.384435 107.397731
6379 1.383327 1.384435 100.397731
6380 1.383327 1.384435 109.397731
6381 1.383327 1.384435 98.397731
6382 1.383327 1.384435 112.397731
6383 1.383327 1.384435 96.397731
6384 1.383327 1.384435 115.397731
6385 1.383327 1.534435 104.397731
6386 1.383327 1.534435 103.397731
6387 1.383327 1.534435 106.397731
6388 1.383327 1.534435 102.397731
6389 1.383327 1.534435 107.397731
6390 1.383327 1.534435 100.397731
6391 1.383327 1.534435 109.397731
6392 1.383327 1.534435 98.397731
6393 1.383327 1.534435 112.397731
6394 1.383327 1.534435 96.397731
6395 1.383327 1.364435 104.397731
6396 1.383327 1.364435 103.397731
6397 1.383327 1.364435 106.397731
6398 1.383327 1.364435 102.397731
6399 1.383327 1.364435 107.397731
6400 1.383327 1.364435 100.397731
6401 1.383327 1.364435 109.397731
6402 1.383327 1.364435 98.397731
6403 1.383327 1.364435 112.397731
6404 1.383327 1.574435 104.397731
6405 1.383327 1.574435 103.397731
6406 1.383327 1.574435 106.397731
6407 1.383327 1.574435 102.397731
6408 1.383327 1.574435 107.397731
6409 1.383327 1.574435 100.397731
6410 1.383327 1.574435 109.397731
6411 1.383327 1.574435 98.397731
6412 1.383327 1.344435 104.397731
6413 1.383327 1.344435 103.397731
6414 1.383327 1.344435 106.397731
6415 1.383327 1.344435 102.397731
6416 1.383327 1.344435 107.397731
6417 1.383327 1.344435 100.397731
6418 1.383327 1.344435 109.397731
6419 1.383327 1.614435 104.397731
6420 1.383327 1.614435 103.397731
6421 1.383327 1.614435 106.397731
6422 1.383327 1.614435 102.397731
6423 1.383327 1.614435 107.397731
6424 1.383327 1.614435 100.397731
6425 1.383327 1.324435 104.397731
6426 1.383327 1.324435 103.397731
6427 1.383327 1.324435 106.397731
6428 1.383327 1.324435 102.397731
6429 1.383327 1.324435 107.397731
6430 1.383327 1.664435 104.397731
6431 1.383327 1.664435 103.397731
6432 1.383327 1.664435 106.397731
6433 1.383327 1.664435 102.397731
6434 1.383327 1.294435 104.397731
6435 1.383327 1.294435 103.397731
6436 1.383327 1.294435 106.397731
6437 1.383327 1.734435 104.397731
6438 1.383327 1.734435 103.397731
6439 1.383327 1.264435 104.397731
6440 1.603327 1.454435 104.397731
6441 1.603327 1.454435 103.397731
6442 1.603327 1.454435 106.397731
6443 1.603327 1.454435 102.397731
6444 1.603327 1.454435 107.397731
6445 1.603327 1.454435 100.397731
6446 1.603327 1.454435 109.397731
6447 1.603327 1.454435 98.397731
6448 1.603327 1.454435 112.397731
6449 1.603327 1.454435 96.397731
6450 1.603327 1.454435 115.397731
6451 1.603327 1.454435 94.397731
6452 1.603327 1.454435 118.397731
6453 1.603327 1.454435 92.397731
6454 1.603327 1.454435 121.397731
6455 1.603327 1.454435 89.397731
6456 1.603327 1.454435 125.397731
6457 1.603327 1.454435 86.397731
6458 1.603327 1.454435 129.397731
6459 1.603327 1.444435 104.397731
6460 1.603327 1.444435 103.397731
6461 1.603327 1.444435 106.397731
6462 1.603327 1.444435 102.397731
6463 1.603327 1.444435 107.397731
6464 1.603327 1.444435 100.397731
6465 1.603327 1.444435 109.397731
6466 1.603327 1.444435 98.397731
6467 1.603327 1.444435 112.397731
6468 1.603327 1.444435 96.397731
6469 1.603327 1.444435 115.397731
6470 1.603327 1.444435 94.397731
6471 1.603327 1.444435 118.397731
6472 1.603327 1.444435 92.397731
6473 1.603327 1.444435 121.397731
6474 1.603327 1.444435 89.397731
6475 1.603327 1.444435 125.397731
6476 1.603327 1.444435 86.397731
6477 1.603327 1.464435 104.397731
6478 1.603327 1.464435 103.397731
6479 1.603327 1.464435 106.397731
6480 1.603327 1.464435 102.397731
6481 1.603327 1.464435 107.397731
6482 1.603327 1.464435 100.397731
6483 1.603327 1.464435 109.397731
6484 1.603327 1.464435 98.397731
6485 1.603327 1.464435 112.397731
6486 1.603327 1.464435 96.397731
6487 1.603327 1.464435 115.397731
6488 1.603327 1.464435 94.397731
6489 1.603327 1.464435 118.397731
6490 1.603327 1.464435 92.397731
6491 1.603327 1.464435 121.397731
6492 1.603327 1.464435 89.397731
6493 1.603327 1.464435 125.397731
6494 1.603327 1.434435 104.397731
6495 1.603327 1.434435 103.397731
6496 1.603327 1.434435 106.397731
6497 1.603327 1.434435 102.397731
6498 1.603327 1.434435 107.397731
6499 1.603327 1.434435 100.397731
6500 1.603327 1.434435 109.397731
6501 1.603327 1.434435 98.397731
6502 1.603327 1.434435 112.397731
6503 1.603327 1.434435 96.397731
6504 1.603327 1.434435 115.397731
6505 1.603327 1.434435 94.397731
6506 1.603327 1.434435 118.397731
6507 1.603327 1.434435 92.397731
6508 1.603327 1.434435 121.397731
6509 1.603327 1.434435 89.397731
6510 1.603327 1.474435 104.397731
6511 1.603327 1.474435 103.397731
6512 1.603327 1.474435 106.397731
6513 1.603327 1.474435 102.397731
6514 1.603327 1.474435 107.397731
6515 1.603327 1.474435 100.397731
6516 1.603327 1.474435 109.397731
6517 1.603327 1.474435 98.397731
6518 1.603327 1.474435 112.397731
6519 1.603327 1.474435 96.397731
6520 1.603327 1.474435 115.397731
6521 1.603327 1.474435 94.397731
6522 1.603327 1.474435 118.397731
6523 1.603327 1.474435 92.397731
6524 1.603327 1.474435 121.397731
6525 1.603327 1.424435 104.397731
6526 1.603327 1.424435 103.397731
6527 1.603327 1.424435 106.397731
6528 1.603327 1.424435 102.397731
6529 1.603327 1.424435 107.397731
6530 1.603327 1.424435 100.397731
6531 1.603327 1.424435 109.397731
6532 1.603327 1.424435 98.397731
6533 1.603327 1.424435 112.397731
6534 1.603327 1.424435 96.397731
6535 1.603327 1.424435 115.397731
6536 1.603327 1.424435 94.397731
6537 1.603327 1.424435 118.397731
6538 1.603327 1.424435 92.397731
6539 1.603327 1.484435 104.397731
6540 1.603327 1.484435 103.397731
6541 1.603327 1.484435 106.397731
6542 1.603327 1.484435 102.397731
6543 1.603327 1.484435 107.397731
6544 1.603327 1.484435 100.397731
6545 1.603327 1.484435 109.397731
6546 1.603327 1.484435 98.397731
6547 1.603327 1.484435 112.397731
6548 1.603327 1.484435 96.397731
6549 1.603327 1.484435 115.397731
6550 1.603327 1.484435 94.397731
6551 1.603327 1.484435 118.397731
6552 1.603327 1.404435 104.397731
6553 1.603327 1.404435 103.397731
6554 1.603327 1.404435 106.397731
6555 1.603327 1.404435 102.397731
6556 1.603327 1.404435 107.397731
6557 1.603327 1.404435 100.397731
6558 1.603327 1.404435 109.397731
6559 1.603327 1.404435 98.397731
6560 1.603327 1.404435 112.397731
6561 1.603327 1.404435 96.397731
6562 1.603327 1.404435 115.397731
6563 1.603327 1.404435 94.397731
6564 1.603327 1.504435 104.397731
6565 1.603327 1.504435 103.397731
6566 1.603327 1.504435 106.397731
6567 1.603327 1.504435 102.397731
6568 1.603327 1.504435 107.397731
6569 1.603327 1.504435 100.397731
6570 1.603327 1.504435 109.397731
6571 1.603327 1.504435 98.397731
6572 1.603327 1.504435 112.397731
6573 1.603327 1.504435 96.397731
6574 1.603327 1.504435 115.397731
6575 1.603327 1.384435 104.397731
6576 1.603327 1.384435 103.397731
6577 1.603327 1.384435 106.397731
6578 1.603327 1.384435 102.397731
6579 1.603327 1.384435 107.397731
6580 1.603327 1.384435 100.397731
6581 1.603327 1.384435 109.397731
6582 1.603327 1.384435 98.397731
6583 1.603327 1.384435 112.397731
6584 1.603327 1.384435 96.397731
6585 1.603327 1.534435 104.397731
6586 1.603327 1.534435 103.397731
6587 1.603327 1.534435 106.397731
6588 1.603327 1.534435 102.397731
6589 1.603327 1.534435 107.397731
6590 1.603327 1.534435 100.397731
6591 1.603327 1.534435 109.397731
6592 1.603327 1.534435 98.397731
6593 1.603327 1.534435 112.397731
6594 1.603327 1.364435 104.397731
6595 1.603327 1.364435 103.397731
6596 1.603327 1.364435 106.397731
6597 1.603327 1.364435 102.397731
6598 1.603327 1.364435 107.397731
6599 1.603327 1.364435 100.397731
6600 1.603327 1.364435 109.397731
6601 1.603327 1.364435 98.397731
6602 1.603327 1.574435 104.397731
6603 1.603327 1.574435 103.397731
6604 1.603327 1.574435 106.397731
6605 1.603327 1.574435 102.397731
6606 1.603327 1.574435 107.397731
6607 1.603327 1.574435 100.397731
6608 1.603327 1.574435 109.397731
6609 1.603327 1.344435 104.397731
6610 1.603327 1.344435 103.397731
6611 1.603327 1.344435 106.397731
6612 1.603327 1.344435 102.397731
6613 1.603327 1.344435 107.397731
6614 1.603327 1.344435 100.397731
6615 1.603327 1.614435 104.397731
6616 1.603327 1.614435 103.397731
6617 1.603327 1.614435 106.397731
6618 1.603327 1.614435 102.397731
6619 1.603327 1.614435 107.397731
6620 1.603327 1.324435 104.397731
6621 1.603327 1.324435 103.397731
6622 1.603327 1.324435 106.397731
6623 1.603327 1.324435 102.397731
6624 1.603327 1.664435 104.397731
6625 1.603327 1.664435 103.397731
6626 1.603327 1.664435 106.397731
6627 1.603327 1.294435 104.397731
6628 1.603327 1.294435 103.397731
6629 1.603327 1.734435 104.397731
6630 1.363327 1.454435 104.397731
6631 1.363327 1.454435 103.397731
6632 1.363327 1.454435 106.397731
6633 1.363327 1.454435 102.397731
6634 1.363327 1.454435 107.397731
6635 1.363327 1.454435 100.397731
6636 1.363327 1.454435 109.397731
6637 1.363327 1.454435 98.397731
6638 1.363327 1.454435 112.397731
6639 1.363327 1.454435 96.397731
6640 1.363327 1.454435 115.397731
6641 1.363327 1.454435 94.397731
6642 1.363327 1.454435 118.397731
6643 1.363327 1.454435 92.397731
6644 1.363327 1.454435 121.397731
6645 1.363327 1.454435 89.397731
6646 1.363327 1.454435 125.397731
6647 1.363327 1.454435 86.397731
6648 1.363327 1.444435 104.397731
6649 1.363327 1.444435 103.397731
6650 1.363327 1.444435 106.397731
6651 1.363327 1.444435 102.397731
6652 1.363327 1.444435 107.397731
6653 1.363327 1.444435 100.397731
6654 1.363327 1.444435 109.397731
6655 1.363327 1.444435 98.397731
6656 1.363327 1.444435 112.397731
6657 1.363327 1.444435 96.397731
6658 1.363327 1.444435 115.397731
6659 1.363327 1.444435 94.397731
6660 1.363327 1.444435 118.397731
6661 1.363327 1.444435 92.397731
6662 1.363327 1.444435 121.397731
6663 1.363327 1.444435 89.397731
6664 1.363327 1.444435 125.397731
6665 1.363327 1.464435 104.397731
6666 1.363327 1.464435 103.397731
6667 1.363327 1.464435 106.397731
6668 1.363327 1.464435 102.397731
6669 1.363327 1.464435 107.397731
6670 1.363327 1.464435 100.397731
6671 1.363327 1.464435 109.397731
6672 1.363327 1.464435 98.397731
6673 1.363327 1.464435 112.397731
6674 1.363327 1.464435 96.397731
6675 1.363327 1.464435 115.397731
6676 1.363327 1.464435 94.397731
6677 1.363327 1.464435 118.397731
6678 1.363327 1.464435 92.397731
6679 1.363327 1.464435 121.397731
6680 1.363327 1.464435 89.397731
6681 1.363327 1.434435 104.397731
6682 1.363327 1.434435 103.397731
6683 1.363327 1.434435 106.397731
6684 1.363327 1.434435 102.397731
6685 1.363327 1.434435 107.397731
6686 1.363327 1.434435 100.397731
6687 1.363327 1.434435 109.397731
6688 1.363327 1.434435 98.397731
6689 1.363327 1.434435 112.397731
6690 1.363327 1.434435 96.397731
6691 1.363327 1.434435 115.397731
6692 1.363327 1.434435 94.397731
6693 1.363327 1.434435 118.397731
6694 1.363327 1.434435 92.397731
6695 1.363327 1.434435 121.397731
6696 1.363327 1.474435 104.397731
6697 1.363327 1.474435 103.397731
6698 1.363327 1.474435 106.397731
6699 1.363327 1.474435 102.397731
6700 1.363327 1.474435 107.397731
6701 1.363327 1.474435 100.397731
6702 1.363327 1.474435 109.397731
6703 1.363327 1.474435 98.397731
6704 1.363327 1.474435 112.397731
6705 1.363327 1.474435 96.397731
6706 1.363327 1.474435 115.397731
6707 1.363327 1.474435 94.397731
6708 1.363327 1.474435 118.397731
6709 1.363327 1.474435 92.397731
6710 1.363327 1.424435 104.397731
6711 1.363327 1.424435 103.397731
6712 1.363327 1.424435 106.397731
6713 1.363327 1.424435 102.397731
6714 1.363327 1.424435 107.397731
6715 1.363327 1.424435 100.397731
6716 1.363327 1.424435 109.397731
6717 1.363327 1.424435 98.397731
6718 1.363327 1.424435 112.397731
6719 1.363327 1.424435 96.397731
6720 1.363327 1.424435 115.397731
6721 1.363327 1.424435 94.397731
6722 1.363327 1.424435 118.397731
6723 1.363327 1.484435 104.397731
6724 1.363327 1.484435 103.397731
6725 1.363327 1.484435 106.397731
6726 1.363327 1.484435 102.397731
6727 1.363327 1.484435 107.397731
6728 1.363327 1.484435 100.397731
6729 1.363327 1.484435 109.397731
6730 1.363327 1.484435 98.397731
6731 1.363327 1.484435 112.397731
6732 1.363327 1.484435 96.397731
6733 1.363327 1.484435 115.397731
6734 1.363327 1.484435 94.397731
6735 1.363327 1.404435 104.397731
6736 1.363327 1.404435 103.397731
6737 1.363327 1.404435 106.397731
6738 1.363327 1.404435 102.397731
6739 1.363327 1.404435 107.397731
6740 1.363327 1.404435 100.397731
6741 1.363327 1.404435 109.397731
6742 1.363327 1.404435 98.397731
6743 1.363327 1.404435 112.397731
6744 1.363327 1.404435 96.397731
6745 1.363327 1.404435 115.397731
6746 1.363327 1.504435 104.397731
6747 1.363327 1.504435 103.397731
6748 1.363327 1.504435 106.397731
6749 1.363327 1.504435 102.397731
6750 1.363327 1.504435 107.397731
6751 1.363327 1.504435 100.397731
6752 1.363327 1.504435 109.397731
6753 1.363327 1.504435 98.397731
6754 1.363327 1.504435 112.397731
6755 1.363327 1.504435 96.397731
6756 1.363327 1.384435 104.397731
6757 1.363327 1.384435 103.397731
6758 1.363327 1.384435 106.397731
6759 1.363327 1.384435 102.397731
6760 1.363327 1.384435 107.397731
6761 1.363327 1.384435 100.397731
6762 1.363327 1.384435 109.397731
6763 1.363327 1.384435 98.397731
6764 1.363327 1.384435 112.397731
6765 1.363327 1.534435 104.397731
6766 1.363327 1.534435 103.397731
6767 1.363327 1.534435 106.397731
6768 1.363327 1.534435 102.397731
6769 1.363327 1.534435 107.397731
6770 1.363327 1.534435 100.397731
6771 1.363327 1.534435 109.397731
6772 1.363327 1.534435 98.397731
6773 1.363327 1.364435 104.397731
6774 1.363327 1.364435 103.397731
6775 1.363327 1.364435 106.397731
6776 1.363327 1.364435 102.397731
6777 1.363327 1.364435 107.397731
6778 1.363327 1.364435 100.397731
6779 1.363327 1.364435 109.397731
6780 1.363327 1.574435 104.397731
6781 1.363327 1.574435 103.397731
6782 1.363327 1.574435 106.397731
6783 1.363327 1.574435 102.397731
6784 1.363327 1.574435 107.397731
6785 1.363327 1.574435 100.397731
6786 1.363327 1.344435 104.397731
6787 1.363327 1.344435 103.397731
6788 1.363327 1.344435 106.397731
6789 1.363327 1.344435 102.397731
6790 1.363327 1.344435 107.397731
6791 1.363327 1.614435 104.397731
6792 1.363327 1.614435 103.397731
6793 1.363327 1.614435 106.397731
6794 1.363327 1.614435 102.397731
6795 1.363327 1.324435 104.397731
6796 1.363327 1.324435 103.397731
6797 1.363327 1.324435 106.397731
6798 1.363327 1.664435 104.397731
6799 1.363327 1.664435 103.397731
6800 1.363327 1.294435 104.397731
6801 1.633327 1.454435 104.397731
6802 1.633327 1.454435 103.397731
6803 1.633327 1.454435 106.397731
6804 1.633327 1.454435 102.397731
6805 1.633327 1.454435 107.397731
6806 1.633327 1.454435 100.397731
6807 1.633327 1.454435 109.397731
6808 1.633327 1.454435 98.397731
6809 1.633327 1.454435 112.397731
6810 1.633327 1.454435 96.397731
6811 1.633327 1.454435 115.397731
6812 1.633327 1.454435 94.397731
6813 1.633327 1.454435 118.397731
6814 1.633327 1.454435 92.397731
6815 1.633327 1.454435 121.397731
6816 1.633327 1.454435 89.397731
6817 1.633327 1.454435 125.397731
6818 1.633327 1.444435 104.397731
6819 1.633327 1.444435 103.397731
6820 1.633327 1.444435 106.397731
6821 1.633327 1.444435 102.397731
6822 1.633327 1.444435 107.397731
6823 1.633327 1.444435 100.397731
6824 1.633327 1.444435 109.397731
6825 1.633327 1.444435 98.397731
6826 1.633327 1.444435 112.397731
6827 1.633327 1.444435 96.397731
6828 1.633327 1.444435 115.397731
6829 1.633327 1.444435 94.397731
6830 1.633327 1.444435 118.397731
6831 1.633327 1.444435 92.397731
6832 1.633327 1.444435 121.397731
6833 1.633327 1.444435 89.397731
6834 1.633327 1.464435 104.397731
6835 1.633327 1.464435 103.397731
6836 1.633327 1.464435 106.397731
6837 1.633327 1.464435 102.397731
6838 1.633327 1.464435 107.397731
6839 1.633327 1.464435 100.397731
6840 1.633327 1.464435 109.397731
6841 1.633327 1.464435 98.397731
6842 1.633327 1.464435 112.397731
6843 1.633327 1.464435 96.397731
6844 1.633327 1.464435 115.397731
6845 1.633327 1.464435 94.397731
6846 1.633327 1.464435 118.397731
6847 1.633327 1.464435 92.397731
6848 1.633327 1.464435 121.397731
6849 1.633327 1.434435 104.397731
6850 1.633327 1.434435 103.397731
6851 1.633327 1.434435 106.397731
6852 1.633327 1.434435 102.397731
6853 1.633327 1.434435 107.397731
6854 1.633327 1.434435 100.397731
6855 1.633327 1.434435 109.397731
6856 1.633327 1.434435 98.397731
6857 1.633327 1.434435 112.397731
6858 1.633327 1.434435 96.397731
6859 1.633327 1.434435 115.397731
6860 1.633327 1.434435 94.397731
6861 1.633327 1.434435 118.397731
6862 1.633327 1.434435 92.397731
6863 1.633327 1.474435 104.397731
6864 1.633327 1.474435 103.397731
6865 1.633327 1.474435 106.397731
6866 1.633327 1.474435 102.397731
6867 1.633327 1.474435 107.397731
6868 1.633327 1.474435 100.397731
6869 1.633327 1.474435 109.397731
6870 1.633327 1.474435 98.397731
6871 1.633327 1.474435 112.397731
6872 1.633327 1.474435 96.397731
6873 1.633327 1.474435 115.397731
6874 1.633327 1.474435 94.397731
6875 1.633327 1.474435 118.397731
6876 1.633327 1.424435 104.397731
6877 1.633327 1.424435 103.397731
6878 1.633327 1.424435 106.397731
6879 1.633327 1.424435 102.397731
6880 1.633327 1.424435 107.397731
6881 1.633327 1.424435 100.397731
6882 1.633327 1.424435 109.397731
6883 1.633327 1.424435 98.397731
6884 1.633327 1.424435 112.397731
6885 1.633327 1.424435 96.397731
6886 1.633327 1.424435 115.397731
6887 1.633327 1.424435 94.397731
6888 1.633327 1.484435 104.397731
6889 1.633327 1.484435 103.397731
6890 1.633327 1.484435 106.397731
6891 1.633327 1.484435 102.397731
6892 1.633327 1.484435 107.397731
6893 1.633327 1.484435 100.397731
6894 1.633327 1.484435 109.397731
6895 1.633327 1.484435 98.397731
6896 1.633327 1.484435 112.397731
6897 1.633327 1.484435 96.397731
6898 1.633327 1.484435 115.397731
6899 1.633327 1.404435 104.397731
6900 1.633327 1.404435 103.397731
6901 1.633327 1.404435 106.397731
6902 1.633327 1.404435 102.397731
6903 1.633327 1.404435 107.397731
6904 1.633327 1.404435 100.397731
6905 1.633327 1.404435 109.397731
6906 1.633327 1.404435 98.397731
6907 1.633327 1.404435 112.397731
6908 1.633327 1.404435 96.397731
6909 1.633327 1.504435 104.397731
6910 1.633327 1.504435 103.397731
6911 1.633327 1.504435 106.397731
6912 1.633327 1.504435 102.397731
6913 1.633327 1.504435 107.397731
6914 1.633327 1.504435 100.397731
6915 1.633327 1.504435 109.397731
6916 1.633327 1.504435 98.397731
6917 1.633327 1.504435 112.397731
6918 1.633327 1.384435 104.397731
6919 1.633327 1.384435 103.397731
6920 1.633327 1.384435 106.397731
6921 1.633327 1.384435 102.397731
6922 1.633327 1.384435 107.397731
6923 1.633327 1.384435 100.397731
6924 1.633327 1.384435 109.397731
6925 1.633327 1.384435 98.397731
6926 1.633327 1.534435 104.397731
6927 1.633327 1.534435 103.397731
6928 1.633327 1.534435 106.397731
6929 1.633327 1.534435 102.397731
6930 1.633327 1.534435 107.397731
6931 1.633327 1.534435 100.397731
6932 1.633327 1.534435 109.397731
6933 1.633327 1.364435 104.397731
6934 1.633327 1.364435 103.397731
6935 1.633327 1.364435 106.397731
6936 1.633327 1.364435 102.397731
6937 1.633327 1.364435 107.397731
6938 1.633327 1.364435 100.397731
6939 1.633327 1.574435 104.397731
6940 1.633327 1.574435 103.397731
6941 1.633327 1.574435 106.397731
6942 1.633327 1.574435 102.397731
6943 1.633327 1.574435 107.397731
6944 1.633327 1.344435 104.397731
6945 1.633327 1.344435 103.397731
6946 1.633327 1.344435 106.397731
6947 1.633327 1.344435 102.397731
6948 1.633327 1.614435 104.397731
6949 1.633327 1.614435 103.397731
6950 1.633327 1.614435 106.397731
6951 1.633327 1.324435 104.397731
6952 1.633327 1.324435 103.397731
6953 1.633327 1.664435 104.397731
6954 1.343327 1.454435 104.397731
6955 1.343327 1.454435 103.397731
6956 1.343327 1.454435 106.397731
6957 1.343327 1.454435 102.397731
6958 1.343327 1.454435 107.397731
6959 1.343327 1.454435 100.397731
6960 1.343327 1.454435 109.397731
6961 1.343327 1.454435 98.397731
6962 1.343327 1.454435 112.397731
6963 1.343327 1.454435 96.397731
6964 1.343327 1.454435 115.397731
6965 1.343327 1.454435 94.397731
6966 1.343327 1.454435 118.397731
6967 1.343327 1.454435 92.397731
6968 1.343327 1.454435 121.397731
6969 1.343327 1.454435 89.397731
6970 1.343327 1.444435 104.397731
6971 1.343327 1.444435 103.397731
6972 1.343327 1.444435 106.397731
6973 1.343327 1.444435 102.397731
6974 1.343327 1.444435 107.397731
6975 1.343327 1.444435 100.397731
6976 1.343327 1.444435 109.397731
6977 1.343327 1.444435 98.397731
6978 1.343327 1.444435 112.397731
6979 1.343327 1.444435 96.397731
6980 1.343327 1.444435 115.397731
6981 1.343327 1.444435 94.397731
6982 1.343327 1.444435 118.397731
6983 1.343327 1.444435 92.397731
6984 1.343327 1.444435 121.397731
6985 1.343327 1.464435 104.397731
6986 1.343327 1.464435 103.397731
6987 1.343327 1.464435 106.397731
6988 1.343327 1.464435 102.397731
6989 1.343327 1.464435 107.397731
6990 1.343327 1.464435 100.397731
6991 1.343327 1.464435 109.397731
6992 1.343327 1.464435 98.397731
6993 1.343327 1.464435 112.397731
6994 1.343327 1.464435 96.397731
6995 1.343327 1.464435 115.397731
6996 1.343327 1.464435 94.397731
6997 1.343327 1.464435 118.397731
6998 1.343327 1.464435 92.397731
6999 1.343327 1.434435 104.397731
7000 1.343327 1.434435 103.397731
7001 1.343327 1.434435 106.397731
7002 1.343327 1.434435 102.397731
7003 1.343327 1.434435 107.397731
7004 1.343327 1.434435 100.397731
7005 1.343327 1.434435 109.397731
7006 1.343327 1.434435 98.397731
7007 1.343327 1.434435 112.397731
7008 1.343327 1.434435 96.397731
7009 1.343327 1.434435 115.397731
7010 1.343327 1.434435 94.397731
7011 1.343327 1.434435 118.397731
7012 1.343327 1.474435 104.397731
7013 1.343327 1.474435 103.397731
7014 1.343327 1.474435 106.397731
7015 1.343327 1.474435 102.397731
7016 1.343327 1.474435 107.397731
7017 1.343327 1.474435 100.397731
7018 1.343327 1.474435 109.397731
7019 1.343327 1.474435 98.397731
7020 1.343327 1.474435 112.397731
7021 1.343327 1.474435 96.397731
7022 1.343327 1.474435 115.397731
7023 1.343327 1.474435 94.397731
7024 1.343327 1.424435 104.397731
7025 1.343327 1.424435 103.397731
7026 1.343327 1.424435 106.397731
7027 1.343327 1.424435 102.397731
7028 1.343327 1.424435 107.397731
7029 1.343327 1.424435 100.397731
7030 1.343327 1.424435 109.397731
7031 1.343327 1.424435 98.397731
7032 1.343327 1.424435 112.397731
7033 1.343327 1.424435 96.397731
7034 1.343327 1.424435 115.397731
7035 1.343327 1.484435 104.397731
7036 1.343327 1.484435 103.397731
7037 1.343327 1.484435 106.397731
7038 1.343327 1.484435 102.397731
7039 1.343327 1.484435 107.397731
7040 1.343327 1.484435 100.397731
7041 1.343327 1.484435 109.397731
7042 1.343327 1.484435 98.397731
7043 1.343327 1.484435 112.397731
7044 1.343327 1.484435 96.397731
7045 1.343327 1.404435 104.397731
7046 1.343327 1.404435 103.397731
7047 1.343327 1.404435 106.397731
7048 1.343327 1.404435 102.397731
7049 1.343327 1.404435 107.397731
7050 1.343327 1.404435 100.397731
7051 1.343327 1.404435 109.397731
7052 1.343327 1.404435 98.397731
7053 1.343327 1.404435 112.397731
7054 1.343327 1.504435 104.397731
7055 1.343327 1.504435 103.397731
7056 1.343327 1.504435 106.397731
7057 1.343327 1.504435 102.397731
7058 1.343327 1.504435 107.397731
7059 1.343327 1.504435 100.397731
7060 1.343327 1.504435 109.397731
7061 1.343327 1.504435 98.397731
7062 1.343327 1.384435 104.397731
7063 1.343327 1.384435 103.397731
7064 1.343327 1.384435 106.397731
7065 1.343327 1.384435 102.397731
7066 1.343327 1.384435 107.397731
7067 1.343327 1.384435 100.397731
7068 1.343327 1.384435 109.397731
7069 1.343327 1.534435 104.397731
7070 1.343327 1.534435 103.397731
7071 1.343327 1.534435 106.397731
7072 1.343327 1.534435 102.397731
7073 1.343327 1.534435 107.397731
7074 1.343327 1.534435 100.397731
7075 1.343327 1.364435 104.397731
7076 1.343327 1.364435 103.397731
7077 1.343327 1.364435 106.397731
7078 1.343327 1.364435 102.397731
7079 1.343327 1.364435 107.397731
7080 1.343327 1.574435 104.397731
7081 1.343327 1.574435 103.397731
7082 1.343327 1.574435 106.397731
7083 1.343327 1.574435 102.397731
7084 1.343327 1.344435 104.397731
7085 1.343327 1.344435 103.397731
7086 1.343327 1.344435 106.397731
7087 1.343327 1.614435 104.397731
7088 1.343327 1.614435 103.397731
7089 1.343327 1.324435 104.397731
7090 1.663327 1.454435 104.397731
7091 1.663327 1.454435 103.397731
7092 1.663327 1.454435 106.397731
7093 1.663327 1.454435 102.397731
7094 1.663327 1.454435 107.397731
7095 1.663327 1.454435 100.397731
7096 1.663327 1.454435 109.397731
7097 1.663327 1.454435 98.397731
7098 1.663327 1.454435 112.397731
7099 1.663327 1.454435 96.397731
7100 1.663327 1.454435 115.397731
7101 1.663327 1.454435 94.397731
7102 1.663327 1.454435 118.397731
7103 1.663327 1.454435 92.397731
7104 1.663327 1.454435 121.397731
7105 1.663327 1.444435 104.397731
7106 1.663327 1.444435 103.397731
7107 1.663327 1.444435 106.397731
7108 1.663327 1.444435 102.397731
7109 1.663327 1.444435 107.397731
7110 1.663327 1.444435 100.397731
7111 1.663327 1.444435 109.397731
7112 1.663327 1.444435 98.397731
7113 1.663327 1.444435 112.397731
7114 1.663327 1.444435 96.397731
7115 1.663327 1.444435 115.397731
7116 1.663327 1.444435 94.397731
7117 1.663327 1.444435 118.397731
7118 1.663327 1.444435 92.397731
7119 1.663327 1.464435 104.397731
7120 1.663327 1.464435 103.397731
7121 1.663327 1.464435 106.397731
7122 1.663327 1.464435 102.397731
7123 1.663327 1.464435 107.397731
7124 1.663327 1.464435 100.397731
7125 1.663327 1.464435 109.397731
7126 1.663327 1.464435 98.397731
7127 1.663327 1.464435 112.397731
7128 1.663327 1.464435 96.397731
7129 1.663327 1.464435 115.397731
7130 1.663327 1.464435 94.397731
7131 1.663327 1.464435 118.397731
7132 1.663327 1.434435 104.397731
7133 1.663327 1.434435 103.397731
7134 1.663327 1.434435 106.397731
7135 1.663327 1.434435 102.397731
7136 1.663327 1.434435 107.397731
7137 1.663327 1.434435 100.397731
7138 1.663327 1.434435 109.397731
7139 1.663327 1.434435 98.397731
7140 1.663327 1.434435 112.397731
7141 1.663327 1.434435 96.397731
7142 1.663327 1.434435 115.397731
7143 1.663327 1.434435 94.397731
7144 1.663327 1.474435 104.397731
7145 1.663327 1.474435 103.397731
7146 1.663327 1.474435 106.397731
7147 1.663327 1.474435 102.397731
7148 1.663327 1.474435 107.397731
7149 1.663327 1.474435 100.397731
7150 1.663327 1.474435 109.397731
7151 1.663327 1.474435 98.397731
7152 1.663327 1.474435 112.397731
7153 1.663327 1.474435 96.397731
7154 1.663327 1.474435 115.397731
7155 1.663327 1.424435 104.397731
7156 1.663327 1.424435 103.397731
7157 1.663327 1.424435 106.397731
7158 1.663327 1.424435 102.397731
7159 1.663327 1.424435 107.397731
7160 1.663327 1.424435 100.397731
7161 1.663327 1.424435 109.397731
7162 1.663327 1.424435 98.397731
7163 1.663327 1.424435 112.397731
7164 1.663327 1.424435 96.397731
7165 1.663327 1.484435 104.397731
7166 1.663327 1.484435 103.397731
7167 1.663327 1.484435 106.397731
7168 1.663327 1.484435 102.397731
7169 1.663327 1.484435 107.397731
7170 1.663327 1.484435 100.397731
7171 1.663327 1.484435 109.397731
7172 1.663327 1.484435 98.397731
7173 1.663327 1.484435 112.397731
7174 1.663327 1.404435 104.397731
7175 1.663327 1.404435 103.397731
7176 1.663327 1.404435 106.397731
7177 1.663327 1.404435 102.397731
7178 1.663327 1.404435 107.397731
7179 1.663327 1.404435 100.397731
7180 1.663327 1.404435 109.397731
7181 1.663327 1.404435 98.397731
7182 1.663327 1.504435 104.397731
7183 1.663327 1.504435 103.397731
7184 1.663327 1.504435 106.397731
7185 1.663327 1.504435 102.397731
7186 1.663327 1.504435 107.397731
7187 1.663327 1.504435 100.397731
7188 1.663327 1.504435 109.397731
7189 1.663327 1.384435 104.397731
7190 1.663327 1.384435 103.397731
7191 1.663327 1.384435 106.397731
7192 1.663327 1.384435 102.397731
7193 1.663327 1.384435 107.397731
7194 1.663327 1.384435 100.397731
7195 1.663327 1.534435 104.397731
7196 1.663327 1.534435 103.397731
7197 1.663327 1.534435 106.397731
7198 1.663327 1.534435 102.397731
7199 1.663327 1.534435 107.397731
7200 1.663327 1.364435 104.397731
7201 1.663327 1.364435 103.397731
7202 1.663327 1.364435 106.397731
7203 1.663327 1.364435 102.397731
7204 1.663327 1.574435 104.397731
7205 1.663327 1.574435 103.397731
7206 1.663327 1.574435 106.397731
7207 1.663327 1.344435 104.397731
7208 1.663327 1.344435 103.397731
7209 1.663327 1.614435 104.397731
7210 1.323327 1.454435 104.397731
7211 1.323327 1.454435 103.397731
7212 1.323327 1.454435 106.397731
7213 1.323327 1.454435 102.397731
7214 1.323327 1.454435 107.397731
7215 1.323327 1.454435 100.397731
7216 1.323327 1.454435 109.397731
7217 1.323327 1.454435 98.397731
7218 1.323327 1.454435 112.397731
7219 1.323327 1.454435 96.397731
7220 1.323327 1.454435 115.397731
7221 1.323327 1.454435 94.397731
7222 1.323327 1.454435 118.397731
7223 1.323327 1.454435 92.397731
7224 1.323327 1.444435 104.397731
7225 1.323327 1.444435 103.397731
7226 1.323327 1.444435 106.397731
7227 1.323327 1.444435 102.397731
7228 1.323327 1.444435 107.397731
7229 1.323327 1.444435 100.397731
7230 1.323327 1.444435 109.397731
7231 1.323327 1.444435 98.397731
7232 1.323327 1.444435 112.397731
7233 1.323327 1.444435 96.397731
7234 1.323327 1.444435 115.397731
7235 1.323327 1.444435 94.397731
7236 1.323327 1.444435 118.397731
7237 1.323327 1.464435 104.397731
7238 1.323327 1.464435 103.397731
7239 1.323327 1.464435 106.397731
7240 1.323327 1.464435 102.397731
7241 1.323327 1.464435 107.397731
7242 1.323327 1.464435 100.397731
7243 1.323327 1.464435 109.397731
7244 1.323327 1.464435 98.397731
7245 1.323327 1.464435 112.397731
7246 1.323327 1.464435 96.397731
7247 1.323327 1.464435 115.397731
7248 1.323327 1.464435 94.397731
7249 1.323327 1.434435 104.397731
7250 1.323327 1.434435 103.397731
7251 1.323327 1.434435 106.397731
7252 1.323327 1.434435 102.397731
7253 1.323327 1.434435 107.397731
7254 1.323327 1.434435 100.397731
7255 1.323327 1.434435 109.397731
7256 1.323327 1.434435 98.397731
7257 1.323327 1.434435 112.397731
7258 1.323327 1.434435 96.397731
7259 1.323327 1.434435 115.397731
7260 1.323327 1.474435 104.397731
7261 1.323327 1.474435 103.397731
7262 1.323327 1.474435 106.397731
7263 1.323327 1.474435 102.397731
7264 1.323327 1.474435 107.397731
7265 1.323327 1.474435 100.397731
7266 1.323327 1.474435 109.397731
7267 1.323327 1.474435 98.397731
7268 1.323327 1.474435 112.397731
7269 1.323327 1.474435 96.397731
7270 1.323327 1.424435 104.397731
7271 1.323327 1.424435 103.397731
7272 1.323327 1.424435 106.397731
7273 1.323327 1.424435 102.397731
7274 1.323327 1.424435 107.397731
7275 1.323327 1.424435 100.397731
7276 1.323327 1.424435 109.397731
7277 1.323327 1.424435 98.397731
7278 1.323327 1.424435 112.397731
7279 1.323327 1.484435 104.397731
7280 1.323327 1.484435 103.397731
7281 1.323327 1.484435 106.397731
7282 1.323327 1.484435 102.397731
7283 1.323327 1.484435 107.397731
7284 1.323327 1.484435 100.397731
7285 1.323327 1.484435 109.397731
7286 1.323327 1.484435 98.397731
7287 1.323327 1.404435 104.397731
7288 1.323327 1.404435 103.397731
7289 1.323327 1.404435 106.397731
7290 1.323327 1.404435 102.397731
7291 1.323327 1.404435 107.397731
7292 1.323327 1.404435 100.397731
7293 1.323327 1.404435 109.397731
7294 1.323327 1.504435 104.397731
7295 1.323327 1.504435 103.397731
7296 1.323327 1.504435 106.397731
7297 1.323327 1.504435 102.397731
7298 1.323327 1.504435 107.397731
7299 1.323327 1.504435 100.397731
7300 1.323327 1.384435 104.397731
7301 1.323327 1.384435 103.397731
7302 1.323327 1.384435 106.397731
7303 1.323327 1.384435 102.397731
7304 1.323327 1.384435 107.397731
7305 1.323327 1.534435 104.397731
7306 1.323327 1.534435 103.397731
7307 1.323327 1.534435 106.397731
7308 1.323327 1.534435 102.397731
7309 1.323327 1.364435 104.397731
7310 1.323327 1.364435 103.397731
7311 1.323327 1.364435 106.397731
7312 1.323327 1.574435 104.397731
7313 1.323327 1.574435 103.397731
7314 1.323327 1.344435 104.397731
7315 1.693327 1.454435 104.397731
7316 1.693327 1.454435 103.397731
7317 1.693327 1.454435 106.397731
7318 1.693327 1.454435 102.397731
7319 1.693327 1.454435 107.397731
7320 1.693327 1.454435 100.397731
7321 1.693327 1.454435 109.397731
7322 1.693327 1.454435 98.397731
7323 1.693327 1.454435 112.397731
7324 1.693327 1.454435 96.397731
7325 1.693327 1.454435 115.397731
7326 1.693327 1.454435 94.397731
7327 1.693327 1.454435 118.397731
7328 1.693327 1.444435 104.397731
7329 1.693327 1.444435 103.397731
7330 1.693327 1.444435 106.397731
7331 1.693327 1.444435 102.397731
7332 1.693327 1.444435 107.397731
7333 1.693327 1.444435 100.397731
7334 1.693327 1.444435 109.397731
7335 1.693327 1.444435 98.397731
7336 1.693327 1.444435 112.397731
7337 1.693327 1.444435 96.397731
7338 1.693327 1.444435 115.397731
7339 1.693327 1.444435 94.397731
7340 1.693327 1.464435 104.397731
7341 1.693327 1.464435 103.397731
7342 1.693327 1.464435 106.397731
7343 1.693327 1.464435 102.397731
7344 1.693327 1.464435 107.397731
7345 1.693327 1.464435 100.397731
7346 1.693327 1.464435 109.397731
7347 1.693327 1.464435 98.397731
7348 1.693327 1.464435 112.397731
7349 1.693327 1.464435 96.397731
7350 1.693327 1.464435 115.397731
7351 1.693327 1.434435 104.397731
7352 1.693327 1.434435 103.397731
7353 1.693327 1.434435 106.397731
7354 1.693327 1.434435 102.397731
7355 1.693327 1.434435 107.397731
7356 1.693327 1.434435 100.397731
7357 1.693327 1.434435 109.397731
7358 1.693327 1.434435 98.397731
7359 1.693327 1.434435 112.397731
7360 1.693327 1.434435 96.397731
7361 1.693327 1.474435 104.397731
7362 1.693327 1.474435 103.397731
7363 1.693327 1.474435 106.397731
7364 1.693327 1.474435 102.397731
7365 1.693327 1.474435 107.397731
7366 1.693327 1.474435 100.397731
7367 1.693327 1.474435 109.397731
7368 1.693327 1.474435 98.397731
7369 1.693327 1.474435 112.397731
7370 1.693327 1.424435 104.397731
7371 1.693327 1.424435 103.397731
7372 1.693327 1.424435 106.397731
7373 1.693327 1.424435 102.397731
7374 1.693327 1.424435 107.397731
7375 1.693327 1.424435 100.397731
7376 1.693327 1.424435 109.397731
7377 1.693327 1.424435 98.397731
7378 1.693327 1.484435 104.397731
7379 1.693327 1.484435 103.397731
7380 1.693327 1.484435 106.397731
7381 1.693327 1.484435 102.397731
7382 1.693327 1.484435 107.397731
7383 1.693327 1.484435 100.397731
7384 1.693327 1.484435 109.397731
7385 1.693327 1.404435 104.397731
7386 1.693327 1.404435 103.397731
7387 1.693327 1.404435 106.397731
7388 1.693327 1.404435 102.397731
7389 1.693327 1.404435 107.397731
7390 1.693327 1.404435 100.397731
7391 1.693327 1.504435 104.397731
7392 1.693327 1.504435 103.397731
7393 1.693327 1.504435 106.397731
7394 1.693327 1.504435 102.397731
7395 1.693327 1.504435 107.397731
7396 1.693327 1.384435 104.397731
7397 1.693327 1.384435 103.397731
7398 1.693327 1.384435 106.397731
7399 1.693327 1.384435 102.397731
7400 1.693327 1.534435 104.397731
7401 1.693327 1.534435 103.397731
7402 1.693327 1.534435 106.397731
7403 1.693327 1.364435 104.397731
7404 1.693327 1.364435 103.397731
7405 1.693327 1.574435 104.397731
7406 1.303327 1.454435 104.397731
7407 1.303327 1.454435 103.397731
7408 1.303327 1.454435 106.397731
7409 1.303327 1.454435 102.397731
7410 1.303327 1.454435 107.397731
7411 1.303327 1.454435 100.397731
7412 1.303327 1.454435 109.397731
7413 1.303327 1.454435 98.397731
7414 1.303327 1.454435 112.397731
7415 1.303327 1.454435 96.397731
7416 1.303327 1.454435 115.397731
7417 1.303327 1.454435 94.397731
7418 1.303327 1.444435 104.397731
7419 1.303327 1.444435 103.397731
7420 1.303327 1.444435 106.397731
7421 1.303327 1.444435 102.397731
7422 1.303327 1.444435 107.397731
7423 1.303327 1.444435 100.397731
7424 1.303327 1.444435 109.397731
7425 1.303327 1.444435 98.397731
7426 1.303327 1.444435 112.397731
7427 1.303327 1.444435 96.397731
7428 1.303327 1.444435 115.397731
7429 1.303327 1.464435 104.397731
7430 1.303327 1.464435 103.397731
7431 1.303327 1.464435 106.397731
7432 1.303327 1.464435 102.397731
7433 1.303327 1.464435 107.397731
7434 1.303327 1.464435 100.397731
7435 1.303327 1.464435 109.397731
7436 1.303327 1.464435 98.397731
7437 1.303327 1.464435 112.397731
7438 1.303327 1.464435 96.397731
7439 1.303327 1.434435 104.397731
7440 1.303327 1.434435 103.397731
7441 1.303327 1.434435 106.397731
7442 1.303327 1.434435 102.397731
7443 1.303327 1.434435 107.397731
7444 1.303327 1.434435 100.397731
7445 1.303327 1.434435 109.397731
7446 1.303327 1.434435 98.397731
7447 1.303327 1.434435 112.397731
7448 1.303327 1.474435 104.397731
7449 1.303327 1.474435 103.397731
7450 1.303327 1.474435 106.397731
7451 1.303327 1.474435 102.397731
7452 1.303327 1.474435 107.397731
7453 1.303327 1.474435 100.397731
7454 1.303327 1.474435 109.397731
7455 1.303327 1.474435 98.397731
7456 1.303327 1.424435 104.397731
7457 1.303327 1.424435 103.397731
7458 1.303327 1.424435 106.397731
7459 1.303327 1.424435 102.397731
7460 1.303327 1.424435 107.397731
7461 1.303327 1.424435 100.397731
7462 1.303327 1.424435 109.397731
7463 1.303327 1.484435 104.397731
7464 1.303327 1.484435 103.397731
7465 1.303327 1.484435 106.397731
7466 1.303327 1.484435 102.397731
7467 1.303327 1.484435 107.397731
7468 1.303327 1.484435 100.397731
7469 1.303327 1.404435 104.397731
7470 1.303327 1.404435 103.397731
7471 1.303327 1.404435 106.397731
7472 1.303327 1.404435 102.397731
7473 1.303327 1.404435 107.397731
7474 1.303327 1.504435 104.397731
7475 1.303327 1.504435 103.397731
7476 1.303327 1.504435 106.397731
7477 1.303327 1.504435 102.397731
7478 1.303327 1.384435 104.397731
7479 1.303327 1.384435 103.397731
7480 1.303327 1.384435 106.397731
7481 1.303327 1.534435 104.397731
7482 1.303327 1.534435 103.397731
7483 1.303327 1.364435 104.397731
7484 1.733327 1.454435 104.397731
7485 1.733327 1.454435 103.397731
7486 1.733327 1.454435 106.397731
7487 1.733327 1.454435 102.397731
7488 1.733327 1.454435 107.397731
7489 1.733327 1.454435 100.397731
7490 1.733327 1.454435 109.397731
7491 1.733327 1.454435 98.397731
7492 1.733327 1.454435 112.397731
7493 1.733327 1.454435 96.397731
7494 1.733327 1.454435 115.397731
7495 1.733327 1.444435 104.397731
7496 1.733327 1.444435 103.397731
7497 1.733327 1.444435 106.397731
7498 1.733327 1.444435 102.397731
7499 1.733327 1.444435 107.397731
7500 1.733327 1.444435 100.397731
7501 1.733327 1.444435 109.397731
7502 1.733327 1.444435 98.397731
7503 1.733327 1.444435 112.397731
7504 1.733327 1.444435 96.397731
7505 1.733327 1.464435 104.397731
7506 1.733327 1.464435 103.397731
7507 1.733327 1.464435 106.397731
7508 1.733327 1.464435 102.397731
7509 1.733327 1.464435 107.397731
7510 1.733327 1.464435 100.397731
7511 1.733327 1.464435 109.397731
7512 1.733327 1.464435 98.397731
7513 1.733327 1.464435 112.397731
7514 1.733327 1.434435 104.397731
7515 1.733327 1.434435 103.397731
7516 1.733327 1.434435 106.397731
7517 1.733327 1.434435 102.397731
7518 1.733327 1.434435 107.397731
7519 1.733327 1.434435 100.397731
7520 1.733327 1.434435 109.397731
7521 1.733327 1.434435 98.397731
7522 1.733327 1.474435 104.397731
7523 1.733327 1.474435 103.397731
7524 1.733327 1.474435 106.397731
7525 1.733327 1.474435 102.397731
7526 1.733327 1.474435 107.397731
7527 1.733327 1.474435 100.397731
7528 1.733327 1.474435 109.397731
7529 1.733327 1.424435 104.397731
7530 1.733327 1.424435 103.397731
7531 1.733327 1.424435 106.397731
7532 1.733327 1.424435 102.397731
7533 1.733327 1.424435 107.397731
7534 1.733327 1.424435 100.397731
7535 1.733327 1.484435 104.397731
7536 1.733327 1.484435 103.397731
7537 1.733327 1.484435 106.397731
7538 1.733327 1.484435 102.397731
7539 1.733327 1.484435 107.397731
7540 1.733327 1.404435 104.397731
7541 1.733327 1.404435 103.397731
7542 1.733327 1.404435 106.397731
7543 1.733327 1.404435 102.397731
7544 1.733327 1.504435 104.397731
7545 1.733327 1.504435 103.397731
7546 1.733327 1.504435 106.397731
7547 1.733327 1.384435 104.397731
7548 1.733327 1.384435 103.397731
7549 1.733327 1.534435 104.397731
7550 1.283327 1.454435 104.397731
7551 1.283327 1.454435 103.397731
7552 1.283327 1.454435 106.397731
7553 1.283327 1.454435 102.397731
7554 1.283327 1.454435 107.397731
7555 1.283327 1.454435 100.397731
7556 1.283327 1.454435 109.397731
7557 1.283327 1.454435 98.397731
7558 1.283327 1.454435 112.397731
7559 1.283327 1.454435 96.397731
7560 1.283327 1.444435 104.397731
7561 1.283327 1.444435 103.397731
7562 1.283327 1.444435 106.397731
7563 1.283327 1.444435 102.397731
7564 1.283327 1.444435 107.397731
7565 1.283327 1.444435 100.397731
7566 1.283327 1.444435 109.397731
7567 1.283327 1.444435 98.397731
7568 1.283327 1.444435 112.397731
7569 1.283327 1.464435 104.397731
7570 1.283327 1.464435 103.397731
7571 1.283327 1.464435 106.397731
7572 1.283327 1.464435 102.397731
7573 1.283327 1.464435 107.397731
7574 1.283327 1.464435 100.397731
7575 1.283327 1.464435 109.397731
7576 1.283327 1.464435 98.397731
7577 1.283327 1.434435 104.397731
7578 1.283327 1.434435 103.397731
7579 1.283327 1.434435 106.397731
7580 1.283327 1.434435 102.397731
7581 1.283327 1.434435 107.397731
7582 1.283327 1.434435 100.397731
7583 1.283327 1.434435 109.397731
7584 1.283327 1.474435 104.397731
7585 1.283327 1.474435 103.397731
7586 1.283327 1.474435 106.397731
7587 1.283327 1.474435 102.397731
7588 1.283327 1.474435 107.397731
7589 1.283327 1.474435 100.397731
7590 1.283327 1.424435 104.397731
7591 1.283327 1.424435 103.397731
7592 1.283327 1.424435 106.397731
7593 1.283327 1.424435 102.397731
7594 1.283327 1.424435 107.397731
7595 1.283327 1.484435 104.397731
7596 1.283327 1.484435 103.397731
7597 1.283327 1.484435 106.397731
7598 1.283327 1.484435 102.397731
7599 1.283327 1.404435 104.397731
7600 1.283327 1.404435 103.397731
7601 1.283327 1.404435 106.397731
7602 1.283327 1.504435 104.397731
7603 1.283327 1.504435 103.397731
7604 1.283327 1.384435 104.397731
7605 1.763327 1.454435 104.397731
7606 1.763327 1.454435 103.397731
7607 1.763327 1.454435 106.397731
7608 1.763327 1.454435 102.397731
7609 1.763327 1.454435 107.397731
7610 1.763327 1.454435 100.397731
7611 1.763327 1.454435 109.397731
7612 1.763327 1.454435 98.397731
7613 1.763327 1.454435 112.397731
7614 1.763327 1.444435 104.397731
7615 1.763327 1.444435 103.397731
7616 1.763327 1.444435 106.397731
7617 1.763327 1.444435 102.397731
7618 1.763327 1.444435 107.397731
7619 1.763327 1.444435 100.397731
7620 1.763327 1.444435 109.397731
7621 1.763327 1.444435 98.397731
7622 1.763327 1.464435 104.397731
7623 1.763327 1.464435 103.397731
7624 1.763327 1.464435 106.397731
7625 1.763327 1.464435 102.397731
7626 1.763327 1.464435 107.397731
7627 1.763327 1.464435 100.397731
7628 1.763327 1.464435 109.397731
7629 1.763327 1.434435 104.397731
7630 1.763327 1.434435 103.397731
7631 1.763327 1.434435 106.397731
7632 1.763327 1.434435 102.397731
7633 1.763327 1.434435 107.397731
7634 1.763327 1.434435 100.397731
7635 1.763327 1.474435 104.397731
7636 1.763327 1.474435 103.397731
7637 1.763327 1.474435 106.397731
7638 1.763327 1.474435 102.397731
7639 1.763327 1.474435 107.397731
7640 1.763327 1.424435 104.397731
7641 1.763327 1.424435 103.397731
7642 1.763327 1.424435 106.397731
7643 1.763327 1.424435 102.397731
7644 1.763327 1.484435 104.397731
7645 1.763327 1.484435 103.397731
7646 1.763327 1.484435 106.397731
7647 1.763327 1.404435 104.397731
7648 1.763327 1.404435 103.397731
7649 1.763327 1.504435 104.397731
7650 1.263327 1.454435 104.397731
7651 1.263327 1.454435 103.397731
7652 1.263327 1.454435 106.397731
7653 1.263327 1.454435 102.397731
7654 1.263327 1.454435 107.397731
7655 1.263327 1.454435 100.397731
7656 1.263327 1.454435 109.397731
7657 1.263327 1.454435 98.397731
7658 1.263327 1.444435 104.397731
7659 1.263327 1.444435 103.397731
7660 1.263327 1.444435 106.397731
7661 1.263327 1.444435 102.397731
7662 1.263327 1.444435 107.397731
7663 1.263327 1.444435 100.397731
7664 1.263327 1.444435 109.397731
7665 1.263327 1.464435 104.397731
7666 1.263327 1.464435 103.397731
7667 1.263327 1.464435 106.397731
7668 1.263327 1.464435 102.397731
7669 1.263327 1.464435 107.397731
7670 1.263327 1.464435 100.397731
7671 1.263327 1.434435 104.397731
7672 1.263327 1.434435 103.397731
7673 1.263327 1.434435 106.397731
7674 1.263327 1.434435 102.397731
7675 1.263327 1.434435 107.397731
7676 1.263327 1.474435 104.397731
7677 1.263327 1.474435 103.397731
7678 1.263327 1.474435 106.397731
7679 1.263327 1.474435 102.397731
7680 1.263327 1.424435 104.397731
7681 1.263327 1.424435 103.397731
7682 1.263327 1.424435 106.397731
7683 1.263327 1.484435 104.397731
7684 1.263327 1.484435 103.397731
7685 1.263327 1.404435 104.397731
7686 1.813327 1.454435 104.397731
7687 1.813327 1.454435 103.397731
7688 1.813327 1.454435 106.397731
7689 1.813327 1.454435 102.397731
7690 1.813327 1.454435 107.397731
7691 1.813327 1.454435 100.397731
7692 1.813327 1.454435 109.397731
7693 1.813327 1.444435 104.397731
7694 1.813327 1.444435 103.397731
7695 1.813327 1.444435 106.397731
7696 1.813327 1.444435 102.397731
7697 1.813327 1.444435 107.397731
7698 1.813327 1.444435 100.397731
7699 1.813327 1.464435 104.397731
7700 1.813327 1.464435 103.397731
7701 1.813327 1.464435 106.397731
7702 1.813327 1.464435 102.397731
7703 1.813327 1.464435 107.397731
7704 1.813327 1.434435 104.397731
7705 1.813327 1.434435 103.397731
7706 1.813327 1.434435 106.397731
7707 1.813327 1.434435 102.397731
7708 1.813327 1.474435 104.397731
7709 1.813327 1.474435 103.397731
7710 1.813327 1.474435 106.397731
7711 1.813327 1.424435 104.397731
7712 1.813327 1.424435 103.397731
7713 1.813327 1.484435 104.397731
7714 1.253327 1.454435 104.397731
7715 1.253327 1.454435 103.397731
7716 1.253327 1.454435 106.397731
7717 1.253327 1.454435 102.397731
7718 1.253327 1.454435 107.397731
7719 1.253327 1.454435 100.397731
7720 1.253327 1.444435 104.397731
7721 1.253327 1.444435 103.397731
7722 1.253327 1.444435 106.397731
7723 1.253327 1.444435 102.397731
7724 1.253327 1.444435 107.397731
7725 1.253327 1.464435 104.397731
7726 1.253327 1.464435 103.397731
7727 1.253327 1.464435 106.397731
7728 1.253327 1.464435 102.397731
7729 1.253327 1.434435 104.397731
7730 1.253327 1.434435 103.397731
7731 1.253327 1.434435 106.397731
7732 1.253327 1.474435 104.397731
7733 1.253327 1.474435 103.397731
7734 1.253327 1.424435 104.397731
7735 1.863327 1.454435 104.397731
7736 1.863327 1.454435 103.397731
7737 1.863327 1.454435 106.397731
7738 1.863327 1.454435 102.397731
7739 1.863327 1.454435 107.397731
7740 1.863327 1.444435 104.397731
7741 1.863327 1.444435 103.397731
7742 1.863327 1.444435 106.397731
7743 1.863327 1.444435 102.397731
7744 1.863327 1.464435 104.397731
7745 1.863327 1.464435 103.397731
7746 1.863327 1.464435 106.397731
7747 1.863327 1.434435 104.397731
7748 1.863327 1.434435 103.397731
7749 1.863327 1.474435 104.397731
7750 1.243327 1.454435 104.397731
7751 1.243327 1.454435 103.397731
7752 1.243327 1.454435 106.397731
7753 1.243327 1.454435 102.397731
7754 1.243327 1.444435 104.397731
7755 1.243327 1.444435 103.397731
7756 1.243327 1.444435 106.397731
7757 1.243327 1.464435 104.397731
7758 1.243327 1.464435 103.397731
7759 1.243327 1.434435 104.397731
7760 1.923327 1.454435 104.397731
7761 1.923327 1.454435 103.397731
7762 1.923327 1.454435 106.397731
7763 1.923327 1.444435 104.397731
7764 1.923327 1.444435 103.397731
7765 1.923327 1.464435 104.397731
7766 1.233327 1.454435 104.397731
7767 1.233327 1.454435 103.397731
7768 1.233327 1.444435 104.397731
7769 1.983327 1.454435 104.397731
